Timestamp,Indoor_Temperature,Outdoor_Temperature,Indoor_Humidity,Outdoor_Humidity,CO2_Level,Setpoint_Temperature,Fan_Speed,Compressor_Status,Power_Consumption
2024-06-01 00:00:00,24.6,27.9,40.3,48.0,844,22.1,high,on,2.9
2024-06-01 00:01:00,20.1,30.6,53.1,67.5,577,21.1,low,on,2.6
2024-06-01 00:02:00,23.9,22.7,56.3,70.4,446,21.2,low,off,4.36
2024-06-01 00:03:00,23.9,29.4,59.6,43.4,438,21.5,low,off,3.74
2024-06-01 00:04:00,22.7,26.6,37.5,71.9,651,22.6,medium,off,4.74
2024-06-01 00:05:00,24.7,24.3,52.4,71.4,490,22.7,medium,off,3.0
2024-06-01 00:06:00,23.9,25.0,46.9,71.5,424,22.5,low,on,2.03
2024-06-01 00:07:00,21.0,22.6,43.1,78.4,667,22.8,low,off,4.91
2024-06-01 00:08:00,24.1,20.9,42.9,77.2,418,22.0,medium,off,1.69
2024-06-01 00:09:00,24.1,22.1,30.3,62.0,546,21.8,high,on,4.17
2024-06-01 00:10:00,24.2,16.4,57.6,66.7,937,21.4,low,on,2.58
2024-06-01 00:11:00,24.6,33.2,41.2,64.3,968,21.3,high,off,1.23
2024-06-01 00:12:00,22.1,30.2,38.3,80.0,811,21.3,low,off,1.74
2024-06-01 00:13:00,22.6,27.0,32.3,70.6,829,22.4,high,off,3.99
2024-06-01 00:14:00,24.2,18.6,48.2,69.0,456,21.8,medium,off,2.01
2024-06-01 00:15:00,21.9,17.2,37.8,69.4,635,22.9,high,on,3.64
2024-06-01 00:16:00,23.6,23.1,53.7,65.5,967,21.7,high,on,3.15
2024-06-01 00:17:00,23.4,15.1,38.2,56.5,643,22.9,high,off,4.32
2024-06-01 00:18:00,24.1,19.4,59.2,49.2,468,21.5,medium,off,2.43
2024-06-01 00:19:00,22.8,25.9,34.2,66.6,491,21.8,low,on,1.57
2024-06-01 00:20:00,24.4,34.2,41.6,69.7,707,21.4,low,off,1.57
2024-06-01 00:21:00,24.3,25.3,49.8,45.6,625,22.0,high,on,1.77
2024-06-01 00:22:00,23.6,20.1,36.0,62.8,581,22.3,low,off,1.24
2024-06-01 00:23:00,21.2,18.5,38.0,72.4,425,22.5,medium,on,4.06
2024-06-01 00:24:00,24.3,34.1,57.5,75.1,739,21.4,high,off,4.41
2024-06-01 00:25:00,21.4,25.0,59.7,57.5,790,21.6,high,on,3.07
2024-06-01 00:26:00,21.1,25.0,42.3,61.7,952,21.5,high,on,4.72
2024-06-01 00:27:00,24.1,19.9,39.9,59.0,376,21.8,high,off,3.38
2024-06-01 00:28:00,24.3,26.6,49.6,48.4,658,22.8,high,on,3.95
2024-06-01 00:29:00,20.8,29.6,49.6,78.4,673,21.2,high,off,4.74
2024-06-01 00:30:00,23.0,20.4,57.3,69.1,753,21.2,high,off,4.82
2024-06-01 00:31:00,21.4,23.5,30.4,40.4,521,21.5,high,off,1.73
2024-06-01 00:32:00,21.6,21.3,30.9,79.4,746,21.4,medium,on,2.64
2024-06-01 00:33:00,20.3,33.0,33.3,79.5,928,21.0,low,on,1.99
2024-06-01 00:34:00,23.3,30.2,33.1,67.9,444,21.9,high,off,4.25
2024-06-01 00:35:00,24.2,19.3,46.7,52.5,613,22.7,high,on,4.25
2024-06-01 00:36:00,23.5,30.9,36.5,75.2,572,22.8,low,off,4.02
2024-06-01 00:37:00,22.4,23.8,49.5,52.8,672,22.1,low,on,1.15
2024-06-01 00:38:00,21.8,18.9,40.6,71.6,390,21.9,high,on,2.69
2024-06-01 00:39:00,24.3,15.9,55.1,45.8,373,22.3,medium,off,1.62
2024-06-01 00:40:00,23.1,17.5,47.9,53.4,706,21.6,low,off,1.52
2024-06-01 00:41:00,24.9,16.0,48.0,60.6,401,21.6,low,on,2.0
2024-06-01 00:42:00,20.3,21.6,48.0,56.7,457,22.9,low,on,1.96
2024-06-01 00:43:00,23.9,16.2,40.4,45.0,914,21.3,high,on,1.8
2024-06-01 00:44:00,21.5,32.7,45.4,53.9,483,21.6,low,off,3.13
2024-06-01 00:45:00,22.7,17.2,36.2,52.3,997,21.1,medium,off,2.31
2024-06-01 00:46:00,21.4,32.3,33.5,55.6,445,22.8,low,off,2.74
2024-06-01 00:47:00,22.1,21.3,56.6,52.7,963,21.4,medium,off,1.66
2024-06-01 00:48:00,23.3,29.8,34.4,67.9,439,22.3,low,off,4.45
2024-06-01 00:49:00,20.9,20.0,30.1,56.3,573,21.4,high,off,4.43
2024-06-01 00:50:00,20.6,24.3,58.2,79.1,511,22.3,high,off,1.16
2024-06-01 00:51:00,22.4,35.0,31.2,70.9,660,21.0,high,off,3.58
2024-06-01 00:52:00,22.3,28.5,34.2,52.7,640,21.5,low,on,1.78
2024-06-01 00:53:00,21.1,29.6,55.6,56.2,519,22.2,low,on,4.01
2024-06-01 00:54:00,24.5,24.5,32.4,73.2,382,21.8,medium,on,4.08
2024-06-01 00:55:00,20.2,26.7,49.5,65.5,961,21.5,low,off,1.74
2024-06-01 00:56:00,21.4,31.4,47.2,68.8,520,21.2,high,off,1.97
2024-06-01 00:57:00,24.4,23.7,48.4,79.5,672,22.5,medium,on,1.66
2024-06-01 00:58:00,24.3,27.4,56.3,57.3,414,21.9,high,on,3.94
2024-06-01 00:59:00,21.5,15.4,47.4,43.9,887,22.8,low,on,2.11
2024-06-01 01:00:00,22.2,23.7,44.6,66.4,774,22.2,high,on,3.74
2024-06-01 01:01:00,24.3,28.0,40.8,51.3,584,22.1,low,on,3.51
2024-06-01 01:02:00,20.2,33.5,38.1,74.3,543,21.3,medium,off,2.82
2024-06-01 01:03:00,22.8,23.0,54.5,72.8,913,21.8,low,off,4.43
2024-06-01 01:04:00,23.2,26.3,32.8,46.5,461,21.1,high,on,4.87
2024-06-01 01:05:00,21.6,22.3,36.0,68.4,474,21.5,medium,on,2.73
2024-06-01 01:06:00,20.1,28.3,40.8,63.5,547,21.5,low,off,1.44
2024-06-01 01:07:00,23.3,18.8,33.0,69.5,718,22.9,high,on,4.22
2024-06-01 01:08:00,24.4,16.6,41.7,63.8,738,23.0,high,off,1.45
2024-06-01 01:09:00,21.8,27.2,33.7,43.5,365,21.5,high,off,1.44
2024-06-01 01:10:00,20.1,18.6,56.8,58.6,372,21.2,medium,on,1.08
2024-06-01 01:11:00,22.3,30.6,30.7,56.4,560,21.1,high,on,2.33
2024-06-01 01:12:00,21.0,25.0,40.8,48.6,443,22.1,low,off,4.61
2024-06-01 01:13:00,22.2,15.3,49.3,69.8,624,21.5,high,on,4.52
2024-06-01 01:14:00,21.9,31.8,36.4,62.1,522,22.3,medium,on,1.01
2024-06-01 01:15:00,22.4,17.8,42.9,53.7,737,21.5,low,on,4.54
2024-06-01 01:16:00,22.0,18.1,59.6,77.5,515,22.6,medium,off,3.88
2024-06-01 01:17:00,21.6,33.1,58.0,60.3,949,22.1,medium,on,4.55
2024-06-01 01:18:00,24.7,23.9,55.4,74.3,657,22.8,medium,off,1.95
2024-06-01 01:19:00,23.8,32.7,57.4,61.0,880,21.3,high,off,4.69
2024-06-01 01:20:00,24.4,23.2,49.4,56.0,541,22.9,high,off,4.41
2024-06-01 01:21:00,20.4,30.1,49.8,57.6,877,22.3,low,on,3.82
2024-06-01 01:22:00,24.2,24.5,44.0,43.6,919,21.1,high,on,2.79
2024-06-01 01:23:00,24.8,22.2,43.2,48.6,965,21.5,high,on,2.73
2024-06-01 01:24:00,23.9,17.1,43.6,66.0,797,22.9,low,off,1.91
2024-06-01 01:25:00,22.3,20.4,35.6,71.4,913,21.0,medium,on,2.84
2024-06-01 01:26:00,23.0,17.4,34.7,67.4,665,21.4,medium,on,2.34
2024-06-01 01:27:00,21.8,27.3,57.8,67.5,776,22.7,low,off,1.44
2024-06-01 01:28:00,21.1,26.2,33.7,61.8,481,22.4,high,off,2.37
2024-06-01 01:29:00,24.3,16.7,49.6,56.8,924,22.3,low,on,2.29
2024-06-01 01:30:00,20.1,18.8,53.5,63.5,884,21.7,medium,on,4.18
2024-06-01 01:31:00,23.2,32.0,30.8,78.6,983,21.4,high,off,4.93
2024-06-01 01:32:00,23.3,23.1,42.9,63.8,824,22.3,medium,off,4.73
2024-06-01 01:33:00,21.8,18.6,57.8,55.1,950,22.0,high,off,1.33
2024-06-01 01:34:00,23.1,25.2,34.7,47.2,525,21.5,low,on,1.12
2024-06-01 01:35:00,24.8,30.8,39.9,69.1,854,21.2,low,off,3.45
2024-06-01 01:36:00,21.7,27.9,40.4,47.3,665,22.3,medium,on,3.99
2024-06-01 01:37:00,20.9,24.5,50.7,51.2,693,22.9,low,on,3.02
2024-06-01 01:38:00,24.1,25.0,57.3,49.9,740,21.4,medium,on,4.22
2024-06-01 01:39:00,23.7,33.9,53.8,61.2,961,21.3,high,on,4.1
2024-06-01 01:40:00,21.4,18.4,38.2,63.0,359,21.7,high,off,3.41
2024-06-01 01:41:00,21.3,32.9,47.4,62.5,654,22.9,medium,off,2.41
2024-06-01 01:42:00,21.1,29.5,57.0,76.3,871,22.7,high,off,3.01
2024-06-01 01:43:00,20.1,19.6,34.3,70.7,535,22.6,high,on,2.1
2024-06-01 01:44:00,21.6,21.6,55.2,53.9,408,22.9,high,on,3.26
2024-06-01 01:45:00,22.1,17.7,52.5,71.3,852,22.9,low,on,2.66
2024-06-01 01:46:00,21.2,18.9,31.9,79.6,768,22.8,low,on,3.13
2024-06-01 01:47:00,23.5,20.4,59.1,40.4,837,22.7,high,on,1.14
2024-06-01 01:48:00,23.1,33.3,54.7,66.8,965,21.4,high,on,1.51
2024-06-01 01:49:00,21.1,16.8,39.1,77.7,447,21.5,medium,on,2.1
2024-06-01 01:50:00,22.6,18.7,56.6,53.5,741,22.7,low,on,1.23
2024-06-01 01:51:00,21.9,17.8,57.5,44.3,663,21.6,high,on,2.61
2024-06-01 01:52:00,20.5,24.7,50.1,54.6,469,22.8,medium,on,3.82
2024-06-01 01:53:00,24.6,24.4,44.9,73.2,679,22.6,high,off,3.84
2024-06-01 01:54:00,22.9,25.3,37.1,79.8,597,22.0,low,off,3.56
2024-06-01 01:55:00,22.1,19.8,48.3,61.6,831,21.1,medium,on,1.94
2024-06-01 01:56:00,22.4,18.5,39.9,52.4,895,21.8,medium,off,2.1
2024-06-01 01:57:00,22.9,27.0,54.7,60.9,727,21.1,low,on,4.34
2024-06-01 01:58:00,20.5,31.2,49.2,78.6,767,23.0,low,on,3.56
2024-06-01 01:59:00,23.0,16.5,34.6,67.4,996,21.0,medium,off,3.74
2024-06-01 02:00:00,21.7,19.6,47.2,69.1,362,22.1,low,on,1.54
2024-06-01 02:01:00,24.1,22.8,59.2,65.0,680,23.0,low,on,1.51
2024-06-01 02:02:00,24.8,28.4,43.6,41.0,598,22.4,high,off,1.95
2024-06-01 02:03:00,22.7,23.1,48.8,78.8,585,21.9,high,off,3.83
2024-06-01 02:04:00,20.6,28.3,45.5,48.8,866,22.7,high,on,2.89
2024-06-01 02:05:00,24.8,28.8,57.5,42.2,979,21.4,medium,off,4.22
2024-06-01 02:06:00,23.4,26.4,43.6,62.2,793,21.7,high,on,3.49
2024-06-01 02:07:00,21.6,19.6,41.0,48.3,474,22.4,low,on,3.3
2024-06-01 02:08:00,23.0,33.9,32.4,68.2,990,22.1,high,on,4.66
2024-06-01 02:09:00,23.2,29.6,48.0,44.1,382,21.4,low,on,4.92
2024-06-01 02:10:00,21.5,26.1,47.8,48.0,808,21.4,high,off,3.84
2024-06-01 02:11:00,23.5,30.4,56.4,70.8,382,22.8,low,on,4.76
2024-06-01 02:12:00,25.0,24.3,34.5,65.2,849,21.2,high,on,1.73
2024-06-01 02:13:00,24.8,29.6,36.9,60.9,915,22.1,low,off,4.19
2024-06-01 02:14:00,21.3,31.4,30.2,45.1,840,22.6,low,on,1.76
2024-06-01 02:15:00,22.6,22.2,30.0,70.0,615,22.5,low,off,2.91
2024-06-01 02:16:00,21.7,32.2,36.7,65.2,507,22.3,high,off,2.34
2024-06-01 02:17:00,23.2,19.7,50.5,78.7,974,22.0,medium,on,1.05
2024-06-01 02:18:00,21.0,20.8,58.9,75.6,549,21.9,medium,on,4.56
2024-06-01 02:19:00,20.4,16.1,47.8,57.3,875,22.0,low,off,1.13
2024-06-01 02:20:00,23.3,23.4,36.4,59.6,624,21.5,high,off,4.61
2024-06-01 02:21:00,21.4,26.7,39.4,55.5,666,21.0,low,on,1.85
2024-06-01 02:22:00,21.1,18.8,58.6,54.7,443,21.5,high,off,4.9
2024-06-01 02:23:00,21.6,23.6,56.4,48.5,367,21.9,high,on,1.65
2024-06-01 02:24:00,20.0,26.0,59.6,62.3,467,21.8,medium,off,4.66
2024-06-01 02:25:00,21.0,30.2,48.4,56.3,384,21.8,low,off,4.11
2024-06-01 02:26:00,20.4,17.4,41.6,77.8,531,21.9,high,off,4.32
2024-06-01 02:27:00,21.7,20.8,42.3,48.7,587,21.9,low,off,2.37
2024-06-01 02:28:00,20.7,17.4,56.5,54.7,554,22.0,high,on,2.16
2024-06-01 02:29:00,23.7,31.0,51.7,48.4,440,21.4,medium,off,3.74
2024-06-01 02:30:00,21.5,20.0,59.7,63.5,763,21.1,low,off,1.66
2024-06-01 02:31:00,24.5,29.7,48.2,41.9,421,21.5,low,on,1.88
2024-06-01 02:32:00,22.0,28.5,38.8,66.8,810,22.8,high,on,4.3
2024-06-01 02:33:00,21.2,19.4,41.4,74.5,628,21.6,medium,off,4.92
2024-06-01 02:34:00,22.7,22.8,54.6,65.5,643,21.8,high,off,2.68
2024-06-01 02:35:00,20.2,28.4,58.1,68.7,900,21.5,high,on,1.52
2024-06-01 02:36:00,21.2,23.4,33.8,65.4,589,22.5,high,on,2.9
2024-06-01 02:37:00,22.0,20.6,44.2,64.8,623,21.3,medium,on,2.11
2024-06-01 02:38:00,24.9,21.2,40.6,69.7,453,22.6,low,off,4.15
2024-06-01 02:39:00,21.7,28.3,31.6,56.6,371,21.4,medium,off,2.54
2024-06-01 02:40:00,20.0,15.1,37.2,43.8,550,21.6,high,on,2.97
2024-06-01 02:41:00,23.1,27.5,31.0,53.8,433,22.7,low,off,2.44
2024-06-01 02:42:00,20.1,26.0,58.2,67.4,831,22.6,medium,on,1.35
2024-06-01 02:43:00,23.8,33.6,43.8,53.9,469,21.0,low,on,4.69
2024-06-01 02:44:00,22.6,34.9,46.5,79.1,374,22.7,low,on,4.86
2024-06-01 02:45:00,20.4,24.0,58.8,54.9,968,21.9,medium,off,2.77
2024-06-01 02:46:00,23.8,27.8,51.7,69.5,801,21.7,high,off,3.93
2024-06-01 02:47:00,20.8,22.3,39.3,56.6,383,21.3,low,on,4.84
2024-06-01 02:48:00,25.0,34.6,34.8,61.6,931,22.9,low,off,4.84
2024-06-01 02:49:00,23.5,15.3,51.6,71.4,815,22.1,high,off,2.66
2024-06-01 02:50:00,24.1,28.2,38.5,69.6,967,22.8,low,on,1.18
2024-06-01 02:51:00,25.0,27.5,31.4,43.2,619,21.8,low,off,2.7
2024-06-01 02:52:00,21.8,22.0,33.5,70.2,546,21.1,low,on,1.39
2024-06-01 02:53:00,23.3,27.1,37.7,52.5,816,21.3,medium,on,3.51
2024-06-01 02:54:00,24.2,16.3,46.6,62.7,380,22.2,high,on,2.58
2024-06-01 02:55:00,24.5,15.8,56.8,60.1,492,21.4,high,off,4.4
2024-06-01 02:56:00,22.9,28.3,51.8,73.2,678,21.0,high,off,4.36
2024-06-01 02:57:00,20.6,32.0,58.7,74.5,694,22.0,medium,off,1.4
2024-06-01 02:58:00,21.0,34.4,33.6,70.2,558,21.3,high,off,2.58
2024-06-01 02:59:00,20.7,30.8,46.8,68.9,800,22.2,medium,off,3.41
2024-06-01 03:00:00,21.0,25.8,35.6,67.7,875,21.6,low,off,3.35
2024-06-01 03:01:00,23.8,29.9,52.1,56.3,499,21.6,low,off,2.63
2024-06-01 03:02:00,22.5,20.8,49.9,41.6,784,22.2,medium,on,2.32
2024-06-01 03:03:00,22.7,30.5,44.3,70.5,665,22.7,medium,on,2.47
2024-06-01 03:04:00,20.9,31.2,31.2,47.5,561,21.7,low,off,1.42
2024-06-01 03:05:00,21.4,29.6,35.0,65.6,921,22.3,low,on,2.12
2024-06-01 03:06:00,24.6,21.6,50.9,69.3,905,22.8,medium,off,4.9
2024-06-01 03:07:00,20.9,17.3,53.2,72.7,415,22.4,high,off,1.69
2024-06-01 03:08:00,21.5,29.1,39.3,77.0,357,21.9,low,off,1.89
2024-06-01 03:09:00,21.1,29.5,32.9,56.6,716,21.2,low,on,2.82
2024-06-01 03:10:00,23.4,28.0,31.8,55.2,591,21.9,high,off,4.55
2024-06-01 03:11:00,23.0,23.5,56.4,62.6,734,22.3,low,on,3.26
2024-06-01 03:12:00,22.9,34.1,56.5,47.7,643,22.9,low,on,4.96
2024-06-01 03:13:00,21.3,32.0,34.9,56.6,605,22.8,medium,on,3.49
2024-06-01 03:14:00,24.2,33.2,59.2,73.7,696,22.4,low,off,1.75
2024-06-01 03:15:00,24.0,31.1,47.6,57.0,394,21.6,medium,off,3.47
2024-06-01 03:16:00,20.3,29.4,36.4,50.1,483,21.3,high,on,2.96
2024-06-01 03:17:00,22.1,30.9,39.1,61.0,434,21.4,low,off,1.5
2024-06-01 03:18:00,23.8,15.9,39.6,40.3,411,22.0,high,on,1.03
2024-06-01 03:19:00,24.1,15.6,34.7,68.1,733,22.4,high,off,2.91
2024-06-01 03:20:00,22.9,32.7,38.4,74.7,503,22.8,medium,off,1.72
2024-06-01 03:21:00,22.9,31.2,44.6,75.6,752,22.1,low,off,3.5
2024-06-01 03:22:00,23.5,19.9,52.4,78.5,822,22.5,low,on,1.26
2024-06-01 03:23:00,21.5,17.0,54.9,43.0,956,22.6,high,off,2.65
2024-06-01 03:24:00,23.8,15.3,34.1,41.0,381,21.8,low,on,4.55
2024-06-01 03:25:00,24.8,17.6,40.4,74.5,673,21.7,medium,on,4.11
2024-06-01 03:26:00,24.2,18.6,59.8,63.6,690,21.3,medium,on,1.5
2024-06-01 03:27:00,20.9,34.6,51.8,63.6,899,22.0,high,on,3.85
2024-06-01 03:28:00,21.1,21.0,45.7,60.7,357,22.7,low,off,2.11
2024-06-01 03:29:00,24.0,30.6,38.8,42.9,923,22.7,low,on,4.48
2024-06-01 03:30:00,23.0,27.0,45.1,61.7,604,21.9,medium,on,3.75
2024-06-01 03:31:00,24.7,19.9,58.7,53.4,605,22.6,low,off,1.43
2024-06-01 03:32:00,24.3,28.5,31.5,66.2,575,22.8,low,on,1.76
2024-06-01 03:33:00,21.6,31.7,35.0,55.1,485,22.3,high,on,4.55
2024-06-01 03:34:00,23.5,18.9,40.3,51.7,646,21.6,low,on,3.14
2024-06-01 03:35:00,21.9,22.8,34.5,72.6,750,22.1,low,on,4.39
2024-06-01 03:36:00,23.4,20.7,51.2,49.9,525,22.2,medium,on,1.79
2024-06-01 03:37:00,23.1,33.6,42.1,60.4,785,22.5,medium,on,2.04
2024-06-01 03:38:00,23.9,30.0,45.6,69.0,420,22.0,low,on,1.36
2024-06-01 03:39:00,21.5,30.2,40.6,50.4,722,21.4,low,on,1.82
2024-06-01 03:40:00,23.6,22.3,47.1,63.0,860,21.0,high,off,4.73
2024-06-01 03:41:00,20.7,29.3,32.6,64.0,771,22.1,medium,off,3.27
2024-06-01 03:42:00,22.2,26.5,45.2,59.6,501,21.7,high,off,4.53
2024-06-01 03:43:00,21.7,15.8,30.2,69.4,980,21.7,medium,off,4.13
2024-06-01 03:44:00,23.1,17.5,57.2,69.7,953,21.3,high,on,4.74
2024-06-01 03:45:00,23.0,20.6,57.6,42.4,767,22.7,high,off,2.99
2024-06-01 03:46:00,23.5,30.9,58.7,56.3,947,22.8,low,on,4.68
2024-06-01 03:47:00,21.8,21.3,53.6,65.1,564,21.7,high,off,1.89
2024-06-01 03:48:00,22.7,28.1,51.5,47.7,731,22.2,high,off,1.69
2024-06-01 03:49:00,24.2,25.8,56.5,52.2,809,22.3,low,off,1.05
2024-06-01 03:50:00,20.7,31.0,49.7,65.0,501,22.3,high,on,1.02
2024-06-01 03:51:00,22.6,33.2,40.3,66.2,936,21.4,low,off,1.95
2024-06-01 03:52:00,20.2,26.9,36.9,66.1,602,22.1,low,on,4.91
2024-06-01 03:53:00,22.2,18.7,42.3,67.9,400,21.3,high,off,2.59
2024-06-01 03:54:00,22.7,29.3,33.0,76.8,683,21.3,low,on,2.29
2024-06-01 03:55:00,20.7,21.6,58.6,43.9,927,22.5,medium,off,1.93
2024-06-01 03:56:00,21.3,22.5,56.2,73.9,909,21.7,high,off,1.66
2024-06-01 03:57:00,20.3,32.3,31.0,53.9,722,21.3,medium,on,4.12
2024-06-01 03:58:00,24.5,27.7,30.1,45.5,633,22.9,high,off,2.84
2024-06-01 03:59:00,23.0,29.3,51.2,70.0,582,21.0,medium,on,4.0
2024-06-01 04:00:00,20.6,24.8,49.9,76.7,833,22.8,high,on,4.22
2024-06-01 04:01:00,20.7,15.6,41.5,58.0,462,22.6,high,off,2.19
2024-06-01 04:02:00,20.2,16.2,35.7,52.6,363,22.3,low,off,4.12
2024-06-01 04:03:00,23.7,16.8,41.6,59.2,878,22.0,high,off,2.11
2024-06-01 04:04:00,20.5,24.4,43.9,59.7,589,22.3,low,off,4.27
2024-06-01 04:05:00,21.7,19.5,40.0,70.2,956,22.8,low,on,1.54
2024-06-01 04:06:00,22.8,29.3,33.5,61.7,649,22.4,low,on,2.41
2024-06-01 04:07:00,24.9,33.5,38.3,52.9,820,21.3,medium,off,2.89
2024-06-01 04:08:00,21.3,33.0,59.8,77.5,972,22.1,high,on,4.75
2024-06-01 04:09:00,24.8,16.3,51.9,66.9,877,22.0,low,on,1.99
2024-06-01 04:10:00,21.7,21.1,55.9,41.8,893,22.0,low,on,1.29
2024-06-01 04:11:00,21.5,21.8,52.6,72.4,433,21.2,low,off,2.24
2024-06-01 04:12:00,24.2,27.9,35.9,48.8,358,22.4,high,on,3.71
2024-06-01 04:13:00,20.8,23.3,58.3,73.4,536,22.4,high,off,3.68
2024-06-01 04:14:00,23.6,33.1,59.0,55.7,377,22.8,medium,off,4.81
2024-06-01 04:15:00,21.4,31.3,33.8,65.3,527,22.4,low,off,3.31
2024-06-01 04:16:00,24.3,16.9,35.0,48.9,679,22.1,medium,off,1.47
2024-06-01 04:17:00,21.5,22.9,39.6,49.1,622,21.8,high,off,1.03
2024-06-01 04:18:00,22.2,22.6,39.7,51.5,445,22.9,medium,on,2.82
2024-06-01 04:19:00,22.4,26.8,43.0,47.4,475,22.6,low,off,4.98
2024-06-01 04:20:00,20.7,31.3,55.4,79.0,743,22.0,low,off,2.85
2024-06-01 04:21:00,20.5,33.5,44.1,58.9,525,21.3,high,on,3.91
2024-06-01 04:22:00,20.2,32.4,41.8,41.2,535,21.8,medium,off,1.27
2024-06-01 04:23:00,20.4,30.0,36.6,45.2,597,21.6,medium,on,3.59
2024-06-01 04:24:00,20.2,29.6,55.5,47.8,418,21.3,high,on,1.62
2024-06-01 04:25:00,20.8,33.7,36.0,42.9,653,22.4,medium,off,2.51
2024-06-01 04:26:00,22.4,24.3,48.4,79.7,479,21.9,high,off,2.75
2024-06-01 04:27:00,20.9,19.4,43.7,52.4,921,23.0,high,off,4.34
2024-06-01 04:28:00,24.2,24.0,48.3,66.5,907,21.4,low,off,4.6
2024-06-01 04:29:00,22.8,19.2,52.3,77.4,859,22.8,medium,off,3.57
2024-06-01 04:30:00,24.9,22.1,49.8,68.2,538,21.6,medium,off,1.5
2024-06-01 04:31:00,22.9,27.2,32.6,56.2,759,22.0,medium,on,3.53
2024-06-01 04:32:00,21.4,16.4,48.8,42.5,983,22.0,medium,on,4.33
2024-06-01 04:33:00,21.0,34.2,53.8,74.7,988,21.1,high,off,1.26
2024-06-01 04:34:00,24.1,18.7,59.2,67.9,508,22.5,medium,off,2.14
2024-06-01 04:35:00,24.9,28.0,58.0,60.4,743,22.3,medium,off,1.95
2024-06-01 04:36:00,21.0,24.4,36.7,54.0,985,22.0,low,on,3.36
2024-06-01 04:37:00,22.7,16.1,47.4,66.4,802,22.9,high,off,3.41
2024-06-01 04:38:00,22.6,32.4,43.9,45.0,384,22.2,low,off,3.36
2024-06-01 04:39:00,24.4,27.7,53.2,45.4,363,22.9,high,off,1.2
2024-06-01 04:40:00,20.6,24.2,53.7,71.3,613,22.2,medium,on,3.63
2024-06-01 04:41:00,24.0,20.1,36.6,74.3,576,21.1,high,on,2.85
2024-06-01 04:42:00,21.3,18.7,35.4,59.1,507,21.6,low,on,3.93
2024-06-01 04:43:00,22.3,33.5,34.6,56.3,375,21.2,low,on,3.05
2024-06-01 04:44:00,21.1,27.0,50.4,61.7,488,22.6,medium,off,3.58
2024-06-01 04:45:00,24.2,22.4,41.8,66.0,971,22.6,high,off,1.23
2024-06-01 04:46:00,21.3,32.9,54.6,59.3,977,21.2,high,off,3.15
2024-06-01 04:47:00,25.0,24.9,39.6,45.0,423,21.5,low,off,2.72
2024-06-01 04:48:00,20.6,22.7,36.2,45.2,419,22.7,high,on,1.15
2024-06-01 04:49:00,21.8,17.4,51.4,64.2,424,21.9,medium,off,4.28
2024-06-01 04:50:00,20.7,27.3,39.6,48.8,653,21.3,high,off,4.84
2024-06-01 04:51:00,23.6,24.2,54.3,57.9,379,22.3,high,off,2.85
2024-06-01 04:52:00,22.2,30.3,33.0,43.2,937,22.2,high,on,2.15
2024-06-01 04:53:00,23.5,19.0,45.8,49.0,877,22.1,high,off,4.44
2024-06-01 04:54:00,20.3,23.5,42.6,58.2,946,22.1,medium,on,4.24
2024-06-01 04:55:00,22.9,23.3,38.6,55.6,367,21.6,low,off,3.78
2024-06-01 04:56:00,23.3,23.6,41.1,57.2,838,22.4,high,off,1.14
2024-06-01 04:57:00,24.6,23.0,43.3,72.4,602,21.8,low,on,2.74
2024-06-01 04:58:00,21.0,27.9,38.2,62.6,617,21.4,medium,on,2.61
2024-06-01 04:59:00,23.6,19.4,35.7,73.4,856,22.7,medium,on,3.54
2024-06-01 05:00:00,20.4,19.0,52.0,48.6,378,22.3,high,off,3.74
2024-06-01 05:01:00,21.4,16.1,47.9,69.9,387,21.4,low,off,1.56
2024-06-01 05:02:00,23.3,19.5,58.4,42.1,508,22.9,low,off,3.58
2024-06-01 05:03:00,20.4,32.0,39.4,73.9,678,22.7,low,on,2.22
2024-06-01 05:04:00,23.6,18.4,50.0,48.0,467,22.6,medium,off,4.78
2024-06-01 05:05:00,21.5,17.3,31.0,54.5,917,21.9,high,on,1.33
2024-06-01 05:06:00,24.8,19.0,49.1,74.0,362,22.4,low,off,4.62
2024-06-01 05:07:00,21.4,31.7,54.6,41.6,687,22.4,medium,on,4.6
2024-06-01 05:08:00,20.4,16.8,33.4,40.4,761,22.2,medium,on,1.53
2024-06-01 05:09:00,20.5,28.9,37.5,77.4,415,22.5,low,on,1.29
2024-06-01 05:10:00,21.9,34.4,34.8,63.7,719,21.7,high,on,1.42
2024-06-01 05:11:00,20.7,22.0,51.0,51.8,606,22.7,medium,off,1.35
2024-06-01 05:12:00,20.0,34.9,33.2,60.2,838,22.1,low,on,1.62
2024-06-01 05:13:00,21.8,25.3,32.1,70.8,962,21.4,medium,off,1.36
2024-06-01 05:14:00,22.3,31.5,46.1,62.9,653,21.9,low,on,2.01
2024-06-01 05:15:00,24.3,25.5,42.6,59.3,965,22.0,low,off,4.67
2024-06-01 05:16:00,22.6,26.5,41.8,43.8,921,21.1,high,on,3.96
2024-06-01 05:17:00,20.4,32.1,31.3,64.8,769,21.6,low,off,3.76
2024-06-01 05:18:00,22.7,24.9,57.8,56.5,702,21.1,low,on,4.92
2024-06-01 05:19:00,20.9,15.6,59.6,45.7,768,22.0,low,on,2.93
2024-06-01 05:20:00,22.2,31.8,58.1,51.1,660,22.3,high,off,2.72
2024-06-01 05:21:00,24.6,18.9,42.3,61.8,554,22.6,medium,on,4.06
2024-06-01 05:22:00,24.6,30.3,50.8,49.2,470,21.4,high,on,3.11
2024-06-01 05:23:00,21.4,30.4,49.0,78.1,475,21.3,medium,on,4.96
2024-06-01 05:24:00,22.7,18.8,56.1,56.2,670,21.8,high,on,2.0
2024-06-01 05:25:00,23.3,17.1,57.9,55.5,926,22.7,low,on,2.98
2024-06-01 05:26:00,21.9,18.5,43.3,78.6,822,21.7,high,off,2.77
2024-06-01 05:27:00,24.6,29.0,40.2,67.8,985,21.2,medium,on,2.87
2024-06-01 05:28:00,22.9,34.0,30.9,73.2,569,21.4,medium,on,3.9
2024-06-01 05:29:00,22.0,22.2,49.6,61.9,891,21.7,medium,off,2.82
2024-06-01 05:30:00,23.1,19.7,42.3,49.3,700,21.7,high,on,1.66
2024-06-01 05:31:00,20.6,30.6,40.5,63.6,944,21.9,low,off,3.01
2024-06-01 05:32:00,22.1,17.8,49.2,73.4,745,22.2,low,on,4.33
2024-06-01 05:33:00,24.9,30.2,36.1,68.5,383,22.7,medium,off,4.97
2024-06-01 05:34:00,20.2,31.0,34.5,42.4,748,21.1,high,off,4.0
2024-06-01 05:35:00,21.2,15.3,52.9,63.5,420,22.6,medium,on,3.19
2024-06-01 05:36:00,20.1,33.0,30.6,48.1,646,22.7,low,off,4.51
2024-06-01 05:37:00,21.1,24.8,42.7,62.4,892,22.5,low,off,4.92
2024-06-01 05:38:00,22.0,32.6,32.8,42.9,766,21.7,medium,off,4.89
2024-06-01 05:39:00,22.0,26.1,48.2,52.3,405,21.6,low,on,1.63
2024-06-01 05:40:00,22.2,17.4,37.7,44.1,771,22.6,high,off,3.38
2024-06-01 05:41:00,22.0,31.6,57.5,78.4,991,21.9,low,on,1.03
2024-06-01 05:42:00,22.9,33.5,47.4,73.7,524,21.8,low,on,1.73
2024-06-01 05:43:00,24.4,28.3,56.5,62.9,590,22.8,high,on,2.11
2024-06-01 05:44:00,22.1,16.3,32.7,41.3,901,21.4,low,off,4.92
2024-06-01 05:45:00,22.9,27.5,55.3,70.9,413,22.9,medium,off,2.95
2024-06-01 05:46:00,22.3,16.7,35.0,58.6,535,22.1,low,off,2.48
2024-06-01 05:47:00,23.2,26.7,49.8,58.4,434,21.7,high,off,3.12
2024-06-01 05:48:00,20.1,32.1,37.7,65.3,875,21.4,medium,off,3.0
2024-06-01 05:49:00,22.6,18.5,57.7,73.8,513,22.1,medium,on,3.48
2024-06-01 05:50:00,20.2,23.5,48.6,74.4,462,21.1,low,off,4.23
2024-06-01 05:51:00,20.6,22.7,43.6,52.9,885,22.0,low,off,1.32
2024-06-01 05:52:00,24.7,18.3,57.0,58.4,571,22.6,low,on,2.24
2024-06-01 05:53:00,24.1,33.6,31.1,55.5,569,21.7,low,on,1.63
2024-06-01 05:54:00,21.6,28.6,51.3,71.2,430,22.9,low,off,4.52
2024-06-01 05:55:00,20.3,19.2,53.6,53.5,483,22.0,high,off,2.13
2024-06-01 05:56:00,22.5,18.8,40.8,70.6,613,21.5,high,on,3.09
2024-06-01 05:57:00,20.9,22.8,36.9,57.3,999,21.8,low,on,3.72
2024-06-01 05:58:00,22.2,30.8,52.0,42.7,601,22.9,medium,off,3.62
2024-06-01 05:59:00,22.0,22.2,42.7,67.1,513,21.8,medium,on,4.42
2024-06-01 06:00:00,22.4,26.5,58.0,58.0,827,22.6,low,off,4.25
2024-06-01 06:01:00,20.3,20.9,59.9,70.7,429,22.5,high,on,1.27
2024-06-01 06:02:00,21.6,15.2,55.1,79.9,664,22.2,high,on,3.82
2024-06-01 06:03:00,20.5,23.1,58.4,78.4,398,22.6,low,on,2.41
2024-06-01 06:04:00,23.3,20.4,37.7,55.8,456,22.8,low,on,3.43
2024-06-01 06:05:00,24.4,25.7,45.8,62.0,947,21.2,medium,off,3.66
2024-06-01 06:06:00,23.9,33.7,47.2,47.8,438,22.8,high,on,2.83
2024-06-01 06:07:00,20.8,23.0,55.9,59.5,369,21.8,high,on,4.66
2024-06-01 06:08:00,20.9,15.6,41.3,48.7,605,22.6,medium,off,3.55
2024-06-01 06:09:00,20.4,20.9,55.6,69.2,744,21.2,medium,on,3.9
2024-06-01 06:10:00,21.0,34.2,33.3,59.5,370,21.8,high,on,1.53
2024-06-01 06:11:00,20.9,21.0,48.7,79.8,571,22.0,high,off,3.59
2024-06-01 06:12:00,20.5,24.0,49.0,46.9,782,22.9,low,on,3.72
2024-06-01 06:13:00,20.9,29.4,37.3,42.5,432,22.6,low,off,2.35
2024-06-01 06:14:00,22.4,23.6,43.4,67.0,642,21.1,low,off,3.86
2024-06-01 06:15:00,24.9,23.5,37.3,70.6,983,21.7,high,on,3.08
2024-06-01 06:16:00,22.2,17.4,50.3,50.3,363,21.9,medium,on,2.38
2024-06-01 06:17:00,24.3,27.8,37.8,48.1,971,22.3,high,off,1.42
2024-06-01 06:18:00,21.4,30.7,30.1,52.7,790,21.4,high,on,1.37
2024-06-01 06:19:00,23.5,32.1,33.7,71.3,868,22.5,high,on,4.78
2024-06-01 06:20:00,20.1,34.9,51.6,63.0,666,21.3,high,on,1.36
2024-06-01 06:21:00,22.8,28.3,34.1,79.9,617,21.9,medium,on,3.27
2024-06-01 06:22:00,20.4,15.1,50.5,47.3,745,21.1,low,on,1.48
2024-06-01 06:23:00,22.5,15.4,40.3,71.7,756,22.4,high,on,1.21
2024-06-01 06:24:00,22.0,28.1,38.1,44.1,722,22.3,low,on,2.22
2024-06-01 06:25:00,22.5,33.5,51.2,52.8,480,21.7,medium,off,3.18
2024-06-01 06:26:00,22.9,19.0,46.1,54.9,933,22.4,high,on,3.16
2024-06-01 06:27:00,22.5,22.2,58.0,73.1,466,21.3,medium,off,1.19
2024-06-01 06:28:00,20.3,27.4,38.4,48.4,692,21.5,medium,off,2.71
2024-06-01 06:29:00,23.9,34.6,31.2,68.5,674,21.7,high,on,3.12
2024-06-01 06:30:00,20.9,18.8,31.7,60.7,407,22.3,medium,off,2.84
2024-06-01 06:31:00,24.9,16.8,44.3,54.9,901,21.8,medium,on,3.96
2024-06-01 06:32:00,22.0,17.9,31.2,53.4,413,22.7,medium,off,1.8
2024-06-01 06:33:00,20.6,18.0,40.4,76.3,469,21.1,medium,on,3.77
2024-06-01 06:34:00,21.9,34.0,43.6,73.3,846,22.1,low,off,3.34
2024-06-01 06:35:00,21.8,29.2,55.9,54.3,507,22.4,high,off,4.79
2024-06-01 06:36:00,20.6,28.4,45.9,72.0,626,21.3,low,on,1.05
2024-06-01 06:37:00,23.3,18.1,58.3,76.0,489,22.5,high,off,4.44
2024-06-01 06:38:00,21.3,31.6,53.5,43.6,840,22.2,high,off,2.88
2024-06-01 06:39:00,21.8,21.4,50.2,76.3,991,21.1,low,off,2.18
2024-06-01 06:40:00,21.9,23.8,50.9,45.7,851,22.0,medium,on,2.25
2024-06-01 06:41:00,21.7,26.0,41.2,57.4,452,21.3,high,off,2.84
2024-06-01 06:42:00,20.5,20.5,42.8,46.0,866,21.1,high,off,2.02
2024-06-01 06:43:00,22.8,17.6,37.2,58.6,707,21.8,high,on,1.19
2024-06-01 06:44:00,20.1,33.7,45.9,44.1,385,22.9,high,off,4.49
2024-06-01 06:45:00,21.4,19.0,43.0,46.4,589,22.5,medium,off,3.51
2024-06-01 06:46:00,21.5,26.1,43.2,46.0,406,21.6,high,on,1.46
2024-06-01 06:47:00,21.9,20.4,45.3,71.7,951,21.4,high,on,1.42
2024-06-01 06:48:00,24.1,29.1,35.0,77.8,402,22.8,high,off,4.54
2024-06-01 06:49:00,21.8,20.3,41.5,78.1,738,21.6,high,on,3.17
2024-06-01 06:50:00,24.6,34.5,35.9,74.2,421,22.9,low,off,3.03
2024-06-01 06:51:00,23.2,18.5,48.5,74.5,495,21.2,low,on,1.07
2024-06-01 06:52:00,23.1,26.4,57.6,53.2,990,22.0,medium,off,1.93
2024-06-01 06:53:00,24.8,17.4,59.9,45.1,660,22.9,medium,off,4.82
2024-06-01 06:54:00,22.0,27.1,47.0,46.6,412,21.1,high,off,4.98
2024-06-01 06:55:00,22.6,33.9,40.1,73.6,841,22.3,medium,on,3.45
2024-06-01 06:56:00,20.3,16.2,34.7,57.8,876,22.6,high,on,2.82
2024-06-01 06:57:00,23.4,27.5,32.8,78.3,528,21.9,medium,on,2.96
2024-06-01 06:58:00,23.3,18.2,56.2,56.3,958,21.3,low,off,1.09
2024-06-01 06:59:00,20.2,34.6,37.0,44.0,527,21.2,high,off,1.47
2024-06-01 07:00:00,24.0,31.6,38.0,75.1,488,21.7,medium,off,3.89
2024-06-01 07:01:00,21.7,18.8,41.8,58.5,509,21.9,high,on,3.78
2024-06-01 07:02:00,21.4,32.2,52.3,49.3,652,21.0,low,on,4.7
2024-06-01 07:03:00,21.6,32.5,39.6,79.9,821,21.5,low,on,4.17
2024-06-01 07:04:00,22.6,30.2,47.0,58.8,574,21.5,high,on,3.21
2024-06-01 07:05:00,23.6,19.3,30.7,67.0,869,21.3,low,off,3.96
2024-06-01 07:06:00,22.4,18.5,53.4,50.0,411,21.8,low,on,3.3
2024-06-01 07:07:00,21.2,33.8,42.3,40.3,630,22.2,high,on,1.36
2024-06-01 07:08:00,21.2,23.5,44.6,44.5,488,22.2,high,on,2.63
2024-06-01 07:09:00,20.2,25.2,44.5,49.5,471,21.3,medium,off,1.75
2024-06-01 07:10:00,24.5,23.9,43.6,63.3,544,21.8,low,off,4.59
2024-06-01 07:11:00,24.5,21.5,46.3,67.2,804,23.0,medium,on,3.04
2024-06-01 07:12:00,23.3,22.2,32.9,61.1,448,22.8,high,off,3.21
2024-06-01 07:13:00,22.4,34.5,50.7,77.2,610,22.8,low,off,2.02
2024-06-01 07:14:00,20.7,16.4,37.2,65.1,692,21.0,medium,off,1.57
2024-06-01 07:15:00,24.0,23.8,39.5,53.2,418,21.9,medium,on,3.22
2024-06-01 07:16:00,23.5,20.4,44.1,76.3,974,22.5,low,off,3.42
2024-06-01 07:17:00,21.4,20.2,56.7,79.7,760,22.4,low,off,3.2
2024-06-01 07:18:00,20.2,27.8,30.1,48.9,504,23.0,high,off,1.18
2024-06-01 07:19:00,21.1,33.2,31.5,68.4,421,22.5,high,on,1.93
2024-06-01 07:20:00,22.7,23.0,59.8,74.4,892,21.0,high,off,4.23
2024-06-01 07:21:00,23.2,26.9,38.6,52.5,514,21.2,medium,off,2.95
2024-06-01 07:22:00,24.2,27.4,58.0,63.7,624,22.1,medium,off,4.62
2024-06-01 07:23:00,20.7,25.8,35.4,43.1,536,22.3,high,on,1.99
2024-06-01 07:24:00,20.2,29.2,57.3,51.4,692,22.5,high,on,3.53
2024-06-01 07:25:00,21.5,30.6,46.5,51.4,721,21.2,medium,on,4.32
2024-06-01 07:26:00,20.9,15.0,50.1,50.0,470,21.3,high,off,4.8
2024-06-01 07:27:00,21.1,23.8,44.8,53.6,888,21.3,high,off,1.08
2024-06-01 07:28:00,23.5,18.4,56.2,79.2,993,22.3,low,off,1.17
2024-06-01 07:29:00,21.0,16.2,48.3,40.9,950,22.6,low,on,4.7
2024-06-01 07:30:00,20.7,21.8,32.8,79.4,801,21.4,medium,off,3.31
2024-06-01 07:31:00,23.3,34.3,50.8,67.6,742,23.0,low,on,2.45
2024-06-01 07:32:00,20.5,27.1,47.2,41.8,612,22.6,low,on,4.42
2024-06-01 07:33:00,22.6,18.9,56.7,40.6,395,21.6,medium,on,3.28
2024-06-01 07:34:00,23.6,33.2,42.6,78.7,749,23.0,low,on,1.96
2024-06-01 07:35:00,22.3,19.0,46.4,67.6,670,22.3,high,on,1.29
2024-06-01 07:36:00,22.0,19.5,46.6,78.9,784,22.4,high,on,3.97
2024-06-01 07:37:00,22.7,27.1,40.6,52.2,650,21.6,high,off,4.15
2024-06-01 07:38:00,23.2,19.5,35.4,72.2,579,22.1,low,off,4.39
2024-06-01 07:39:00,20.0,21.7,42.0,41.8,581,22.3,high,off,3.94
2024-06-01 07:40:00,21.0,17.2,50.1,52.7,873,21.9,high,on,3.33
2024-06-01 07:41:00,22.1,30.9,37.5,67.0,454,21.3,high,on,4.6
2024-06-01 07:42:00,22.6,30.7,41.4,41.9,749,21.6,high,on,1.48
2024-06-01 07:43:00,23.5,29.1,57.6,55.7,900,22.4,medium,off,2.8
2024-06-01 07:44:00,22.9,32.8,31.6,54.0,596,22.8,high,off,2.58
2024-06-01 07:45:00,20.4,28.9,55.5,69.4,875,22.7,high,off,2.32
2024-06-01 07:46:00,20.0,24.2,56.6,61.6,706,22.0,high,off,1.71
2024-06-01 07:47:00,20.5,19.9,46.8,75.5,486,21.7,low,on,2.57
2024-06-01 07:48:00,24.6,29.1,35.8,67.6,849,22.7,high,off,4.88
2024-06-01 07:49:00,24.3,26.8,40.7,75.5,605,21.7,medium,on,1.96
2024-06-01 07:50:00,23.0,27.8,54.6,54.8,790,22.9,low,off,4.5
2024-06-01 07:51:00,20.7,34.8,48.6,66.9,752,22.4,low,on,1.28
2024-06-01 07:52:00,24.1,31.0,48.9,51.6,394,21.9,medium,off,2.07
2024-06-01 07:53:00,22.5,34.2,34.5,57.5,351,21.2,high,off,1.38
2024-06-01 07:54:00,20.1,17.7,37.8,74.2,799,22.9,high,off,2.82
2024-06-01 07:55:00,23.5,28.0,59.9,78.0,391,21.7,high,on,2.46
2024-06-01 07:56:00,22.6,28.1,48.3,74.2,553,21.7,high,on,1.1
2024-06-01 07:57:00,23.5,24.2,30.5,40.8,520,22.4,low,on,4.38
2024-06-01 07:58:00,20.1,31.0,39.2,45.6,670,21.1,high,off,3.18
2024-06-01 07:59:00,23.1,25.7,49.9,77.8,917,21.1,medium,on,2.83
2024-06-01 08:00:00,24.1,34.4,42.8,54.5,894,22.3,high,on,2.35
2024-06-01 08:01:00,21.0,18.0,45.8,80.0,754,22.2,low,on,1.83
2024-06-01 08:02:00,24.8,20.6,45.3,40.9,833,21.3,high,off,2.56
2024-06-01 08:03:00,20.9,23.8,33.6,74.8,863,22.5,high,off,1.17
2024-06-01 08:04:00,20.2,26.4,44.1,45.9,897,22.2,high,on,1.8
2024-06-01 08:05:00,22.3,19.7,48.2,79.3,454,22.1,medium,on,4.55
2024-06-01 08:06:00,21.1,33.7,37.0,77.9,961,21.6,medium,on,3.24
2024-06-01 08:07:00,23.6,33.2,41.4,56.6,528,21.5,high,off,4.36
2024-06-01 08:08:00,23.6,28.3,49.4,43.6,961,21.6,medium,off,2.72
2024-06-01 08:09:00,20.6,22.6,40.9,55.5,817,21.0,high,on,2.05
2024-06-01 08:10:00,22.1,23.0,55.6,50.9,525,21.9,high,off,1.42
2024-06-01 08:11:00,21.1,23.5,49.4,78.1,876,21.6,high,on,4.63
2024-06-01 08:12:00,21.9,26.0,46.1,71.1,379,21.2,low,on,1.25
2024-06-01 08:13:00,23.4,15.0,39.7,79.6,620,22.7,medium,off,1.08
2024-06-01 08:14:00,22.0,25.1,46.6,65.4,629,22.3,low,off,3.2
2024-06-01 08:15:00,22.4,17.8,52.9,53.2,495,21.5,high,on,4.84
2024-06-01 08:16:00,21.0,18.6,41.4,61.9,580,22.4,medium,on,1.05
2024-06-01 08:17:00,22.7,23.5,32.7,71.4,588,22.3,high,off,3.35
2024-06-01 08:18:00,21.3,20.7,36.9,49.3,862,21.6,medium,on,4.35
2024-06-01 08:19:00,21.6,26.9,57.6,40.1,582,22.7,high,off,2.74
2024-06-01 08:20:00,24.5,26.0,42.0,46.2,464,21.6,low,off,4.3
2024-06-01 08:21:00,20.2,27.4,39.2,56.3,685,22.8,low,on,3.63
2024-06-01 08:22:00,24.2,23.7,49.3,78.9,752,22.0,low,on,1.04
2024-06-01 08:23:00,24.5,20.8,33.1,71.3,561,22.4,low,off,3.49
2024-06-01 08:24:00,21.3,24.7,34.6,67.3,893,21.2,high,on,1.54
2024-06-01 08:25:00,23.4,24.5,55.8,54.9,533,22.9,medium,off,4.39
2024-06-01 08:26:00,24.4,31.5,40.7,54.1,527,21.5,medium,on,2.78
2024-06-01 08:27:00,22.7,17.8,35.1,78.2,642,22.5,medium,on,2.5
2024-06-01 08:28:00,22.5,34.1,58.4,72.9,514,21.8,low,off,4.03
2024-06-01 08:29:00,24.8,32.2,43.3,77.0,868,22.3,high,on,4.99
2024-06-01 08:30:00,23.2,23.6,46.7,52.1,733,22.7,low,off,3.92
2024-06-01 08:31:00,23.3,26.2,48.9,74.2,624,23.0,high,on,2.66
2024-06-01 08:32:00,24.0,23.4,34.3,47.3,677,21.3,medium,on,2.78
2024-06-01 08:33:00,22.0,18.4,32.4,67.7,695,22.7,medium,on,1.78
2024-06-01 08:34:00,24.4,20.8,56.2,56.0,910,22.8,high,on,3.92
2024-06-01 08:35:00,23.6,21.2,35.1,41.8,734,21.6,medium,off,3.79
2024-06-01 08:36:00,23.4,31.5,56.0,72.1,484,22.9,low,on,3.96
2024-06-01 08:37:00,24.3,29.6,45.0,70.0,773,21.6,medium,off,2.66
2024-06-01 08:38:00,21.0,34.9,47.7,72.7,981,21.6,medium,off,3.13
2024-06-01 08:39:00,24.4,15.5,41.8,47.5,609,21.0,high,on,3.16
2024-06-01 08:40:00,20.2,23.7,55.1,73.5,672,22.7,low,on,4.44
2024-06-01 08:41:00,23.6,30.3,33.7,44.2,550,21.1,low,on,2.17
2024-06-01 08:42:00,20.4,18.2,37.1,57.3,432,21.3,high,off,2.95
2024-06-01 08:43:00,23.1,19.3,32.8,60.4,384,21.4,low,off,3.76
2024-06-01 08:44:00,20.3,31.1,56.2,62.3,824,22.1,low,off,2.35
2024-06-01 08:45:00,24.4,23.6,49.3,66.1,718,21.3,low,on,2.87
2024-06-01 08:46:00,22.0,21.3,53.7,74.3,531,22.8,medium,off,1.23
2024-06-01 08:47:00,23.8,22.5,33.4,55.9,468,22.5,high,off,4.32
2024-06-01 08:48:00,24.7,28.2,56.9,46.4,407,21.8,high,off,4.99
2024-06-01 08:49:00,20.2,24.8,30.3,50.5,611,22.5,high,off,4.55
2024-06-01 08:50:00,23.1,15.9,33.2,56.3,764,22.9,low,on,3.76
2024-06-01 08:51:00,24.6,32.2,42.6,78.3,650,22.1,low,off,3.6
2024-06-01 08:52:00,23.7,34.6,44.3,63.3,604,21.4,high,off,1.01
2024-06-01 08:53:00,24.2,17.9,30.9,44.9,720,23.0,medium,off,3.45
2024-06-01 08:54:00,20.6,34.3,36.5,77.6,894,21.7,high,on,4.99
2024-06-01 08:55:00,21.6,28.5,58.2,76.1,672,21.6,low,on,3.03
2024-06-01 08:56:00,23.0,15.1,42.8,66.1,364,22.6,high,off,2.31
2024-06-01 08:57:00,23.8,24.7,44.0,75.8,402,21.4,high,off,3.87
2024-06-01 08:58:00,24.5,20.0,46.4,69.2,519,22.1,medium,off,1.68
2024-06-01 08:59:00,24.4,18.3,40.3,70.5,510,21.4,low,on,3.0
2024-06-01 09:00:00,24.8,33.9,50.3,70.2,372,22.5,low,off,1.29
2024-06-01 09:01:00,21.1,28.0,50.4,48.2,559,22.1,low,on,1.2
2024-06-01 09:02:00,24.4,31.7,45.9,73.6,605,21.5,low,off,3.22
2024-06-01 09:03:00,23.2,31.5,56.3,65.1,512,22.9,low,on,2.26
2024-06-01 09:04:00,20.9,23.0,37.0,56.9,856,22.8,high,off,3.37
2024-06-01 09:05:00,21.0,22.3,52.5,66.8,771,21.5,high,on,3.56
2024-06-01 09:06:00,22.3,34.2,58.9,45.1,790,22.7,low,on,3.89
2024-06-01 09:07:00,22.8,33.8,52.9,63.9,743,21.5,medium,on,2.47
2024-06-01 09:08:00,21.5,33.4,51.7,42.2,354,22.3,low,on,1.31
2024-06-01 09:09:00,21.8,30.9,47.3,64.2,887,22.1,low,on,3.03
2024-06-01 09:10:00,21.3,30.2,43.0,49.5,631,22.0,medium,on,3.4
2024-06-01 09:11:00,23.5,34.9,44.9,51.6,488,21.4,low,off,4.73
2024-06-01 09:12:00,21.0,15.6,46.3,76.6,710,22.6,low,on,3.58
2024-06-01 09:13:00,22.1,23.9,49.8,62.4,940,22.3,medium,on,2.05
2024-06-01 09:14:00,23.9,18.4,53.2,42.2,873,22.4,medium,on,3.54
2024-06-01 09:15:00,24.5,18.8,40.6,75.8,852,21.9,medium,on,2.35
2024-06-01 09:16:00,21.0,16.0,56.4,71.9,626,22.5,low,on,4.18
2024-06-01 09:17:00,23.6,19.4,38.0,67.8,929,21.5,medium,on,3.42
2024-06-01 09:18:00,21.0,16.2,33.7,54.3,961,22.0,low,off,1.5
2024-06-01 09:19:00,23.1,18.6,33.1,79.3,556,21.6,medium,off,3.06
2024-06-01 09:20:00,23.3,30.1,30.7,70.2,387,22.0,low,off,3.0
2024-06-01 09:21:00,23.8,21.2,48.4,75.0,867,21.0,high,off,4.87
2024-06-01 09:22:00,22.5,22.7,59.3,74.6,477,22.9,medium,on,3.99
2024-06-01 09:23:00,20.2,34.3,31.9,62.9,573,21.7,low,off,2.24
2024-06-01 09:24:00,24.9,28.5,51.0,46.2,909,22.6,high,on,3.66
2024-06-01 09:25:00,23.0,34.5,49.7,73.2,433,22.2,low,on,1.06
2024-06-01 09:26:00,22.5,26.5,48.8,68.5,877,22.0,medium,off,4.87
2024-06-01 09:27:00,24.4,29.2,41.8,60.0,863,22.1,low,off,1.0
2024-06-01 09:28:00,23.0,22.2,44.3,41.0,485,22.0,high,on,2.13
2024-06-01 09:29:00,21.4,24.6,59.9,58.2,864,22.3,low,off,3.21
2024-06-01 09:30:00,21.0,27.8,44.3,40.2,698,21.6,medium,off,1.67
2024-06-01 09:31:00,23.2,27.1,49.5,71.4,782,21.5,low,off,1.53
2024-06-01 09:32:00,23.5,26.4,31.0,53.4,569,21.0,low,off,3.9
2024-06-01 09:33:00,22.6,20.2,33.6,59.3,415,22.3,low,on,3.99
2024-06-01 09:34:00,23.4,27.6,32.9,47.0,647,21.1,medium,off,2.78
2024-06-01 09:35:00,24.3,20.1,40.5,43.9,842,22.9,low,off,1.77
2024-06-01 09:36:00,22.9,33.0,39.4,42.9,527,21.3,low,off,2.1
2024-06-01 09:37:00,23.7,17.4,46.1,59.1,411,21.5,medium,off,2.77
2024-06-01 09:38:00,22.2,22.8,51.6,61.8,548,22.0,medium,off,4.68
2024-06-01 09:39:00,22.0,28.1,39.3,51.6,526,22.7,medium,off,1.73
2024-06-01 09:40:00,22.3,30.8,50.1,53.0,492,21.0,low,on,4.14
2024-06-01 09:41:00,20.1,28.1,42.9,41.2,597,21.9,high,on,3.72
2024-06-01 09:42:00,21.6,18.1,31.8,45.6,382,21.1,high,on,4.2
2024-06-01 09:43:00,21.4,28.0,46.9,54.2,401,22.5,medium,off,2.06
2024-06-01 09:44:00,24.6,25.7,54.0,65.1,935,22.3,high,off,2.93
2024-06-01 09:45:00,22.2,29.4,40.3,67.3,893,22.4,medium,off,2.11
2024-06-01 09:46:00,23.9,29.1,35.7,52.6,931,21.1,medium,off,1.32
2024-06-01 09:47:00,22.9,15.8,49.9,45.6,542,21.6,low,off,4.0
2024-06-01 09:48:00,23.9,25.9,48.2,60.6,423,21.3,high,on,3.27
2024-06-01 09:49:00,22.5,30.1,45.1,72.5,972,22.2,medium,on,1.05
2024-06-01 09:50:00,21.3,30.4,58.6,45.6,779,21.7,high,on,1.01
2024-06-01 09:51:00,22.2,26.6,47.9,55.4,609,21.2,medium,on,1.13
2024-06-01 09:52:00,23.9,32.6,36.7,65.6,510,21.1,medium,off,1.16
2024-06-01 09:53:00,24.6,19.4,56.9,56.6,467,21.3,medium,on,1.15
2024-06-01 09:54:00,23.7,18.5,59.8,74.8,857,22.6,low,on,3.45
2024-06-01 09:55:00,21.5,24.7,51.8,68.4,700,22.6,medium,on,3.44
2024-06-01 09:56:00,22.4,15.4,57.6,79.8,419,22.9,high,on,1.73
2024-06-01 09:57:00,20.4,28.4,52.6,72.8,912,22.2,high,on,3.08
2024-06-01 09:58:00,24.2,26.0,57.3,76.1,540,22.4,medium,on,3.09
2024-06-01 09:59:00,22.6,20.9,48.8,58.4,675,21.8,medium,off,2.61
2024-06-01 10:00:00,20.1,21.9,59.0,57.3,439,21.6,low,on,1.47
2024-06-01 10:01:00,20.8,32.7,58.5,70.6,998,22.0,medium,on,3.34
2024-06-01 10:02:00,21.1,27.5,31.4,74.7,744,22.2,medium,on,2.8
2024-06-01 10:03:00,21.0,25.4,31.8,70.0,968,21.8,medium,on,3.11
2024-06-01 10:04:00,21.9,17.2,33.5,65.0,691,21.3,medium,on,1.07
2024-06-01 10:05:00,20.7,29.4,49.1,69.2,837,21.4,high,off,4.38
2024-06-01 10:06:00,23.4,27.9,58.7,66.1,596,22.9,high,off,4.09
2024-06-01 10:07:00,23.3,18.1,47.4,59.5,365,21.3,high,on,3.01
2024-06-01 10:08:00,21.0,19.8,38.0,45.4,641,21.3,low,on,2.16
2024-06-01 10:09:00,24.2,15.0,56.3,58.5,800,21.8,high,off,4.8
2024-06-01 10:10:00,24.9,24.1,41.5,44.7,911,21.6,low,on,3.97
2024-06-01 10:11:00,21.4,17.5,41.9,72.8,865,21.0,medium,off,4.35
2024-06-01 10:12:00,24.4,34.8,36.0,43.2,712,21.7,low,on,4.47
2024-06-01 10:13:00,23.8,27.6,51.7,74.9,536,21.4,medium,off,1.1
2024-06-01 10:14:00,20.5,29.9,60.0,75.3,988,22.0,high,on,4.65
2024-06-01 10:15:00,20.3,20.0,57.6,77.8,566,22.0,low,off,1.1
2024-06-01 10:16:00,23.4,20.3,40.9,56.3,914,22.9,medium,off,4.51
2024-06-01 10:17:00,20.2,26.7,55.6,69.2,481,22.3,low,on,1.0
2024-06-01 10:18:00,23.2,31.5,38.6,53.1,560,21.8,high,off,2.48
2024-06-01 10:19:00,21.5,22.8,41.8,72.8,687,21.1,high,off,4.56
2024-06-01 10:20:00,20.6,21.5,54.8,65.4,558,22.4,high,off,4.6
2024-06-01 10:21:00,24.2,32.2,49.0,49.1,581,22.7,medium,off,1.12
2024-06-01 10:22:00,22.2,19.6,45.1,64.6,873,21.2,low,on,4.65
2024-06-01 10:23:00,23.6,16.6,32.6,60.5,969,22.3,low,on,2.16
2024-06-01 10:24:00,23.3,17.3,49.7,47.9,960,21.2,medium,on,1.78
2024-06-01 10:25:00,24.2,22.2,36.6,76.7,742,21.1,high,off,1.14
2024-06-01 10:26:00,23.1,17.5,50.1,56.8,632,22.2,medium,off,4.32
2024-06-01 10:27:00,21.3,22.8,45.1,71.3,757,22.1,medium,off,2.49
2024-06-01 10:28:00,24.1,18.8,52.9,68.0,541,22.8,medium,off,1.23
2024-06-01 10:29:00,21.4,29.6,56.1,65.3,754,21.7,high,off,1.94
2024-06-01 10:30:00,23.0,25.2,54.1,66.5,437,21.0,high,off,4.45
2024-06-01 10:31:00,21.1,17.5,36.0,56.3,678,22.7,high,on,1.12
2024-06-01 10:32:00,20.8,26.7,43.2,52.9,378,21.3,high,off,4.43
2024-06-01 10:33:00,22.4,25.5,34.2,56.7,950,21.8,high,on,4.97
2024-06-01 10:34:00,21.5,27.5,33.9,67.8,977,21.1,medium,on,2.43
2024-06-01 10:35:00,20.1,30.6,38.1,59.4,912,22.7,medium,on,2.98
2024-06-01 10:36:00,24.0,21.3,30.8,49.0,555,21.6,low,on,1.97
2024-06-01 10:37:00,24.9,32.9,41.6,54.6,685,22.7,medium,off,3.17
2024-06-01 10:38:00,21.5,33.5,57.5,55.4,975,21.2,high,on,2.7
2024-06-01 10:39:00,22.0,22.7,49.1,77.6,550,21.7,medium,off,4.24
2024-06-01 10:40:00,23.4,31.7,57.6,73.8,675,22.0,medium,on,4.3
2024-06-01 10:41:00,21.8,22.5,49.3,77.0,563,21.2,low,off,3.02
2024-06-01 10:42:00,23.8,19.2,34.1,75.1,502,21.5,high,off,4.98
2024-06-01 10:43:00,22.4,25.1,37.1,72.7,469,21.1,low,off,1.9
2024-06-01 10:44:00,20.4,34.1,59.8,69.3,482,21.7,medium,off,3.08
2024-06-01 10:45:00,23.1,26.0,58.3,67.8,571,22.2,medium,off,2.05
2024-06-01 10:46:00,21.6,31.3,58.8,64.3,754,22.1,high,on,2.05
2024-06-01 10:47:00,22.3,25.8,30.7,51.2,629,22.8,medium,on,1.9
2024-06-01 10:48:00,23.6,31.2,48.2,42.7,612,22.6,medium,on,1.01
2024-06-01 10:49:00,22.0,21.0,41.2,73.3,393,22.3,medium,on,1.25
2024-06-01 10:50:00,23.8,29.3,53.4,43.5,735,21.6,low,off,3.52
2024-06-01 10:51:00,23.9,27.1,59.0,71.1,980,22.4,low,off,2.48
2024-06-01 10:52:00,23.2,23.1,54.8,40.3,382,21.1,high,off,2.83
2024-06-01 10:53:00,21.8,28.3,50.0,68.7,854,21.0,low,off,1.67
2024-06-01 10:54:00,23.5,27.2,51.8,62.7,486,22.3,medium,on,2.6
2024-06-01 10:55:00,24.9,22.5,42.5,67.4,386,21.9,low,on,2.9
2024-06-01 10:56:00,21.8,27.3,52.9,44.4,760,21.3,low,on,3.69
2024-06-01 10:57:00,20.6,25.7,46.8,40.0,983,22.4,low,off,1.64
2024-06-01 10:58:00,24.2,29.3,39.0,75.2,986,22.6,low,off,2.03
2024-06-01 10:59:00,24.3,31.9,33.1,41.2,465,21.3,high,off,3.81
2024-06-01 11:00:00,23.0,15.4,58.8,55.6,940,22.2,low,off,3.68
2024-06-01 11:01:00,20.9,27.8,48.3,66.9,520,21.6,high,on,2.57
2024-06-01 11:02:00,20.3,28.2,59.9,72.7,749,22.0,medium,on,2.22
2024-06-01 11:03:00,24.6,25.5,35.8,46.9,762,22.9,low,off,2.32
2024-06-01 11:04:00,24.8,17.8,30.5,71.0,993,21.8,low,on,4.58
2024-06-01 11:05:00,25.0,21.7,54.5,67.5,911,21.8,high,on,3.73
2024-06-01 11:06:00,22.9,34.6,52.0,47.9,687,22.7,high,off,3.45
2024-06-01 11:07:00,22.9,28.3,40.5,42.0,992,21.8,low,on,3.62
2024-06-01 11:08:00,20.4,29.9,59.8,62.4,372,22.6,low,off,1.12
2024-06-01 11:09:00,20.0,20.8,31.7,61.0,795,22.2,high,on,4.9
2024-06-01 11:10:00,23.5,33.8,55.7,41.5,422,21.5,low,on,1.71
2024-06-01 11:11:00,23.9,24.3,41.3,55.5,578,21.5,low,on,2.15
2024-06-01 11:12:00,21.3,15.9,39.4,55.2,550,21.5,medium,on,1.31
2024-06-01 11:13:00,20.3,31.0,34.2,58.0,851,21.3,high,off,3.74
2024-06-01 11:14:00,20.7,25.2,30.6,50.2,914,22.9,high,on,3.1
2024-06-01 11:15:00,24.4,29.4,40.5,61.3,444,21.6,medium,on,1.79
2024-06-01 11:16:00,20.4,33.2,50.7,78.7,640,21.5,low,off,3.69
2024-06-01 11:17:00,23.4,22.7,41.7,74.1,642,21.9,medium,off,3.45
2024-06-01 11:18:00,20.7,15.5,56.3,64.3,952,22.6,high,off,3.71
2024-06-01 11:19:00,24.2,34.1,45.0,76.9,453,21.9,low,on,2.28
2024-06-01 11:20:00,24.1,34.4,30.3,48.3,935,22.9,medium,off,2.9
2024-06-01 11:21:00,24.3,32.2,37.3,62.3,904,21.4,high,on,3.09
2024-06-01 11:22:00,21.0,23.7,39.8,62.5,959,21.9,low,on,1.69
2024-06-01 11:23:00,24.2,31.4,32.0,56.7,443,21.1,high,on,4.81
2024-06-01 11:24:00,22.5,30.8,47.2,53.1,393,22.9,high,on,3.14
2024-06-01 11:25:00,21.1,27.2,49.7,59.9,359,21.4,low,off,1.76
2024-06-01 11:26:00,20.7,33.4,45.1,55.0,892,21.7,medium,off,3.79
2024-06-01 11:27:00,22.5,34.7,34.5,43.6,884,22.3,medium,on,3.99
2024-06-01 11:28:00,22.5,27.1,37.4,61.4,861,22.7,low,off,4.62
2024-06-01 11:29:00,23.2,34.0,52.3,46.6,354,22.4,medium,off,1.9
2024-06-01 11:30:00,22.6,24.7,60.0,51.4,732,22.1,high,on,4.53
2024-06-01 11:31:00,23.3,20.7,59.5,60.0,540,21.8,high,on,2.57
2024-06-01 11:32:00,22.2,20.7,49.6,52.3,921,21.3,high,on,1.19
2024-06-01 11:33:00,24.0,27.8,31.0,63.1,505,22.4,low,on,4.89
2024-06-01 11:34:00,24.8,32.7,46.2,65.7,474,22.5,high,off,3.96
2024-06-01 11:35:00,21.9,29.9,39.4,75.2,526,21.5,high,off,3.77
2024-06-01 11:36:00,20.8,30.1,58.2,48.2,918,21.4,low,off,3.06
2024-06-01 11:37:00,23.4,20.1,47.6,51.4,564,21.3,high,off,3.23
2024-06-01 11:38:00,23.7,23.3,59.1,62.6,461,23.0,low,on,2.84
2024-06-01 11:39:00,23.9,28.9,36.4,70.5,598,22.7,high,off,4.58
2024-06-01 11:40:00,24.6,31.8,49.2,50.5,394,22.9,medium,on,4.71
2024-06-01 11:41:00,23.3,26.7,53.4,77.9,914,21.5,medium,off,2.22
2024-06-01 11:42:00,24.7,21.9,53.7,42.4,813,21.4,medium,off,2.61
2024-06-01 11:43:00,22.1,33.2,48.6,60.5,530,21.9,low,on,4.82
2024-06-01 11:44:00,22.4,34.3,56.9,67.9,352,22.5,high,on,3.23
2024-06-01 11:45:00,24.1,17.5,59.4,46.2,788,21.2,medium,on,2.2
2024-06-01 11:46:00,24.6,17.2,56.4,72.7,844,22.3,medium,off,2.2
2024-06-01 11:47:00,24.9,23.4,35.7,67.8,950,22.0,medium,on,2.02
2024-06-01 11:48:00,20.9,17.9,36.8,53.4,911,22.9,medium,off,3.36
2024-06-01 11:49:00,23.5,30.7,44.6,48.4,628,22.0,low,off,3.81
2024-06-01 11:50:00,23.5,27.1,35.2,54.6,698,21.8,medium,off,4.64
2024-06-01 11:51:00,20.1,29.3,45.5,65.4,764,22.5,high,off,4.04
2024-06-01 11:52:00,22.5,24.3,50.9,79.0,725,22.5,high,off,4.88
2024-06-01 11:53:00,20.1,32.3,57.4,65.7,846,22.0,low,on,2.08
2024-06-01 11:54:00,23.2,29.3,31.0,42.0,658,22.1,medium,on,1.56
2024-06-01 11:55:00,24.9,18.8,51.5,78.1,922,21.7,high,off,2.33
2024-06-01 11:56:00,21.0,33.0,47.9,53.1,550,21.2,low,off,3.3
2024-06-01 11:57:00,20.6,24.4,35.1,55.5,591,21.5,low,off,2.01
2024-06-01 11:58:00,23.5,31.8,49.5,64.2,960,22.9,medium,off,4.42
2024-06-01 11:59:00,22.7,25.6,40.3,52.9,708,21.0,low,off,2.46
2024-06-01 12:00:00,21.1,15.8,51.4,70.5,384,23.0,low,on,1.82
2024-06-01 12:01:00,21.1,18.4,49.5,62.5,517,21.6,low,on,3.3
2024-06-01 12:02:00,22.3,25.8,47.8,42.5,395,22.3,low,off,3.88
2024-06-01 12:03:00,23.6,30.5,32.6,48.7,947,21.6,medium,off,3.43
2024-06-01 12:04:00,20.4,33.9,51.2,60.3,963,22.4,medium,on,4.05
2024-06-01 12:05:00,23.6,33.6,33.0,47.9,808,22.4,high,on,3.01
2024-06-01 12:06:00,20.1,17.6,48.4,70.0,674,21.3,medium,off,1.98
2024-06-01 12:07:00,20.3,19.4,36.8,51.4,564,22.2,low,on,4.13
2024-06-01 12:08:00,20.4,27.3,57.9,54.0,882,21.9,medium,off,4.55
2024-06-01 12:09:00,22.9,19.1,44.2,67.1,757,22.1,low,off,3.59
2024-06-01 12:10:00,20.2,20.2,32.6,49.5,616,22.3,medium,off,2.95
2024-06-01 12:11:00,20.4,34.9,46.8,42.5,617,21.7,low,on,3.01
2024-06-01 12:12:00,22.0,17.5,38.0,48.2,531,22.7,low,off,1.06
2024-06-01 12:13:00,20.7,20.1,38.8,71.2,988,21.8,high,off,4.95
2024-06-01 12:14:00,23.5,24.1,54.0,48.3,569,21.4,low,on,2.25
2024-06-01 12:15:00,21.8,18.3,45.8,74.1,588,22.0,high,on,1.88
2024-06-01 12:16:00,21.0,22.5,41.4,67.4,907,21.5,low,off,2.71
2024-06-01 12:17:00,21.9,25.8,47.4,73.0,448,22.4,low,on,2.77
2024-06-01 12:18:00,21.9,29.5,36.6,57.2,514,21.4,low,on,3.82
2024-06-01 12:19:00,21.6,19.8,46.8,74.8,360,22.0,medium,off,2.52
2024-06-01 12:20:00,22.0,19.6,48.2,51.8,444,21.1,high,off,2.69
2024-06-01 12:21:00,24.6,16.8,34.5,64.1,475,22.8,low,off,2.19
2024-06-01 12:22:00,23.8,23.4,39.1,51.1,964,21.9,medium,on,1.41
2024-06-01 12:23:00,24.0,34.2,34.3,62.8,666,22.5,medium,off,4.0
2024-06-01 12:24:00,21.4,17.6,53.6,57.2,1000,21.5,low,off,3.95
2024-06-01 12:25:00,20.1,31.0,49.7,77.5,631,22.2,low,on,4.11
2024-06-01 12:26:00,24.5,27.4,34.5,42.5,887,22.3,medium,on,1.92
2024-06-01 12:27:00,24.0,17.8,48.3,74.9,881,22.4,high,on,2.08
2024-06-01 12:28:00,24.9,24.2,46.5,76.3,897,23.0,medium,off,2.55
2024-06-01 12:29:00,23.6,18.0,56.2,43.1,806,22.7,high,off,4.38
2024-06-01 12:30:00,23.1,19.9,35.5,78.6,973,22.5,low,on,1.52
2024-06-01 12:31:00,25.0,29.3,54.6,73.2,436,21.6,medium,on,4.63
2024-06-01 12:32:00,24.5,29.9,40.2,77.9,680,21.4,high,on,3.34
2024-06-01 12:33:00,24.1,27.8,39.0,44.2,720,21.8,medium,off,2.16
2024-06-01 12:34:00,20.0,21.9,37.8,51.7,636,21.5,medium,off,1.75
2024-06-01 12:35:00,22.9,19.6,46.5,62.2,372,22.7,medium,off,3.92
2024-06-01 12:36:00,21.7,27.0,33.3,44.4,580,22.5,medium,on,3.87
2024-06-01 12:37:00,23.2,20.2,34.3,56.8,866,22.6,medium,on,1.71
2024-06-01 12:38:00,24.8,31.9,59.3,77.5,853,22.5,medium,off,2.15
2024-06-01 12:39:00,24.0,28.1,42.5,68.8,474,22.9,low,off,3.7
2024-06-01 12:40:00,21.4,27.9,37.5,52.3,972,23.0,low,off,1.38
2024-06-01 12:41:00,24.0,29.2,51.6,66.1,483,22.0,high,off,2.72
2024-06-01 12:42:00,25.0,29.2,58.9,66.7,926,23.0,low,off,4.11
2024-06-01 12:43:00,23.8,30.9,46.1,61.7,428,22.7,low,off,4.57
2024-06-01 12:44:00,24.2,31.4,46.3,46.7,880,22.3,medium,off,4.22
2024-06-01 12:45:00,24.1,24.7,41.9,61.9,616,21.3,medium,off,1.28
2024-06-01 12:46:00,23.5,20.2,40.1,72.9,933,22.5,high,on,1.25
2024-06-01 12:47:00,20.8,32.6,30.0,75.4,994,21.3,high,on,4.97
2024-06-01 12:48:00,24.1,19.5,45.3,55.3,556,22.2,medium,off,2.8
2024-06-01 12:49:00,20.6,15.9,33.9,71.3,940,21.9,high,off,3.9
2024-06-01 12:50:00,24.0,17.7,51.9,60.2,678,22.2,low,on,3.89
2024-06-01 12:51:00,23.3,34.7,54.3,72.6,608,23.0,low,on,1.97
2024-06-01 12:52:00,23.3,16.1,37.2,45.0,582,21.4,low,on,2.28
2024-06-01 12:53:00,23.1,17.4,54.5,49.1,536,22.5,low,on,2.85
2024-06-01 12:54:00,24.6,28.9,59.5,46.5,911,21.1,medium,on,3.19
2024-06-01 12:55:00,21.8,31.5,48.4,60.7,400,21.2,high,off,1.06
2024-06-01 12:56:00,24.6,27.9,51.2,65.0,398,21.5,high,on,4.93
2024-06-01 12:57:00,22.9,28.5,43.8,43.0,499,21.3,low,on,4.24
2024-06-01 12:58:00,22.9,19.5,34.5,52.8,544,22.1,high,off,1.33
2024-06-01 12:59:00,22.4,20.5,58.9,46.1,597,21.0,medium,off,3.35
2024-06-01 13:00:00,20.3,34.3,47.5,57.3,773,22.0,medium,on,3.94
2024-06-01 13:01:00,20.7,34.7,42.1,63.4,739,23.0,medium,on,2.21
2024-06-01 13:02:00,21.0,22.7,37.0,69.9,889,21.1,medium,off,3.49
2024-06-01 13:03:00,20.8,20.0,32.1,62.5,420,23.0,low,off,2.02
2024-06-01 13:04:00,23.3,22.2,56.3,57.1,948,21.4,low,off,3.41
2024-06-01 13:05:00,20.3,28.2,48.5,77.2,978,21.9,high,on,3.34
2024-06-01 13:06:00,21.0,33.5,43.6,62.7,686,23.0,low,off,1.4
2024-06-01 13:07:00,23.8,25.0,40.0,67.7,567,22.5,low,on,3.39
2024-06-01 13:08:00,21.8,23.8,45.7,59.9,950,22.1,high,off,4.65
2024-06-01 13:09:00,20.9,22.1,52.1,66.5,476,22.1,high,on,2.52
2024-06-01 13:10:00,23.4,22.6,32.7,48.7,353,21.3,high,off,3.84
2024-06-01 13:11:00,22.2,15.3,47.2,74.1,442,22.0,low,on,3.6
2024-06-01 13:12:00,22.6,34.5,37.9,67.9,855,21.3,medium,off,4.3
2024-06-01 13:13:00,22.3,34.4,59.6,74.3,683,22.1,low,on,4.37
2024-06-01 13:14:00,23.1,33.0,59.1,44.0,435,21.9,high,on,4.8
2024-06-01 13:15:00,22.3,16.1,51.2,53.7,664,22.0,high,off,4.79
2024-06-01 13:16:00,22.1,31.1,33.9,70.4,923,22.0,low,on,4.1
2024-06-01 13:17:00,24.1,27.2,47.9,57.9,457,21.1,medium,on,2.8
2024-06-01 13:18:00,21.0,25.7,51.1,62.8,447,22.1,medium,off,1.02
2024-06-01 13:19:00,21.1,19.8,57.3,58.1,698,22.3,low,off,1.97
2024-06-01 13:20:00,23.1,31.4,31.6,67.1,571,22.2,medium,on,3.01
2024-06-01 13:21:00,24.5,32.3,40.1,60.4,902,22.8,high,off,3.3
2024-06-01 13:22:00,21.1,17.6,43.8,47.4,444,22.7,low,on,1.84
2024-06-01 13:23:00,22.2,23.0,46.3,43.7,711,22.8,low,off,1.27
2024-06-01 13:24:00,21.6,24.0,44.5,66.4,588,21.7,high,off,1.89
2024-06-01 13:25:00,23.0,16.5,51.4,50.2,606,21.9,high,off,3.69
2024-06-01 13:26:00,21.5,19.8,49.5,46.9,627,21.6,low,on,2.01
2024-06-01 13:27:00,22.1,30.5,54.7,74.8,905,21.3,high,off,2.49
2024-06-01 13:28:00,23.6,24.1,38.5,57.9,871,21.2,low,on,2.88
2024-06-01 13:29:00,21.5,18.4,58.0,69.3,471,22.8,high,on,3.61
2024-06-01 13:30:00,22.5,19.3,48.1,42.4,621,22.2,medium,on,3.16
2024-06-01 13:31:00,22.6,15.4,50.8,76.6,447,22.7,high,off,1.1
2024-06-01 13:32:00,20.1,30.5,47.4,77.0,927,21.3,medium,on,3.0
2024-06-01 13:33:00,22.7,22.1,48.2,40.8,361,22.2,low,on,4.32
2024-06-01 13:34:00,22.5,23.5,30.9,47.0,861,21.0,high,off,2.7
2024-06-01 13:35:00,22.8,24.0,40.5,48.8,903,22.9,low,off,2.52
2024-06-01 13:36:00,24.9,24.7,50.8,48.0,614,21.6,low,on,4.76
2024-06-01 13:37:00,24.4,26.0,49.8,72.6,392,22.5,medium,on,3.36
2024-06-01 13:38:00,20.3,22.5,33.3,62.0,435,22.0,low,off,1.76
2024-06-01 13:39:00,21.4,24.1,41.9,77.6,887,21.2,medium,off,1.7
2024-06-01 13:40:00,20.8,25.0,53.1,73.1,757,21.7,high,off,3.53
2024-06-01 13:41:00,23.5,24.2,54.7,40.9,824,22.5,high,on,4.11
2024-06-01 13:42:00,20.6,18.1,52.0,42.6,858,22.3,medium,off,1.88
2024-06-01 13:43:00,24.2,32.9,57.4,64.2,964,22.5,high,off,3.27
2024-06-01 13:44:00,22.6,24.3,44.0,63.3,897,21.4,medium,on,2.94
2024-06-01 13:45:00,24.9,17.7,59.1,63.8,641,22.8,high,off,4.13
2024-06-01 13:46:00,20.9,19.7,39.4,65.6,777,21.8,medium,off,1.39
2024-06-01 13:47:00,21.3,32.4,44.7,77.8,618,23.0,low,on,4.05
2024-06-01 13:48:00,22.0,25.5,45.4,52.6,682,22.3,high,on,3.39
2024-06-01 13:49:00,23.0,28.0,53.4,66.2,468,21.4,high,on,1.12
2024-06-01 13:50:00,23.5,16.1,32.1,67.2,652,22.7,high,off,4.33
2024-06-01 13:51:00,22.8,28.4,45.3,73.4,750,21.1,medium,off,3.86
2024-06-01 13:52:00,23.7,16.0,41.2,74.8,496,21.1,high,off,4.37
2024-06-01 13:53:00,24.8,20.5,47.3,73.8,571,22.4,high,on,3.54
2024-06-01 13:54:00,21.6,20.7,30.2,44.9,497,21.2,low,on,4.38
2024-06-01 13:55:00,25.0,31.5,41.5,70.0,706,22.6,low,off,2.07
2024-06-01 13:56:00,21.5,23.9,34.2,50.9,932,22.5,medium,off,3.47
2024-06-01 13:57:00,21.5,30.9,58.9,60.9,551,22.8,low,on,2.98
2024-06-01 13:58:00,22.9,29.2,40.0,76.1,824,22.6,low,on,1.57
2024-06-01 13:59:00,24.0,19.1,30.5,69.6,897,23.0,low,off,3.42
2024-06-01 14:00:00,23.1,31.2,56.6,41.4,742,22.2,low,on,3.16
2024-06-01 14:01:00,23.9,34.4,32.9,68.3,406,22.0,high,off,1.26
2024-06-01 14:02:00,24.5,27.4,46.2,52.3,373,22.7,medium,on,1.17
2024-06-01 14:03:00,23.7,32.0,57.7,77.2,456,21.5,low,on,3.47
2024-06-01 14:04:00,21.1,26.4,56.4,60.9,469,22.9,low,on,3.2
2024-06-01 14:05:00,24.8,20.2,52.0,67.5,602,22.0,medium,on,1.37
2024-06-01 14:06:00,22.9,34.4,30.9,73.1,696,22.0,medium,on,1.67
2024-06-01 14:07:00,20.3,17.0,31.4,74.4,921,21.4,high,off,2.61
2024-06-01 14:08:00,23.3,29.4,51.8,77.8,432,22.0,high,off,4.29
2024-06-01 14:09:00,23.8,27.8,53.6,77.6,641,21.0,high,off,4.25
2024-06-01 14:10:00,20.4,19.2,30.6,45.7,597,22.3,low,off,2.9
2024-06-01 14:11:00,20.1,15.1,32.6,77.6,564,22.2,high,on,2.5
2024-06-01 14:12:00,20.6,23.8,31.3,43.0,794,22.0,medium,on,1.35
2024-06-01 14:13:00,21.3,27.9,44.2,63.1,940,22.3,high,on,4.51
2024-06-01 14:14:00,24.3,28.4,36.3,48.4,420,22.9,high,on,1.79
2024-06-01 14:15:00,23.3,28.9,49.5,73.6,568,21.9,low,off,3.59
2024-06-01 14:16:00,21.5,18.5,33.5,73.7,714,21.3,medium,off,4.65
2024-06-01 14:17:00,20.8,21.7,33.3,48.9,915,21.1,low,on,3.26
2024-06-01 14:18:00,23.7,30.8,55.8,76.5,488,21.7,medium,off,1.66
2024-06-01 14:19:00,22.0,21.5,50.0,61.4,709,21.8,high,off,3.27
2024-06-01 14:20:00,20.1,26.1,55.6,48.2,580,21.8,medium,on,1.14
2024-06-01 14:21:00,22.7,20.1,37.7,76.8,718,22.9,high,on,1.03
2024-06-01 14:22:00,22.3,28.4,46.2,42.3,623,22.2,low,off,2.43
2024-06-01 14:23:00,23.4,33.3,39.7,70.9,647,22.4,medium,off,2.48
2024-06-01 14:24:00,24.7,20.5,38.8,40.3,568,21.5,low,off,4.11
2024-06-01 14:25:00,20.6,15.8,54.8,62.7,931,21.9,high,off,3.81
2024-06-01 14:26:00,24.5,20.0,52.1,43.6,868,21.4,high,off,1.98
2024-06-01 14:27:00,24.8,21.7,44.9,63.7,973,21.7,medium,off,1.95
2024-06-01 14:28:00,21.4,25.3,46.3,75.6,995,22.4,high,on,3.63
2024-06-01 14:29:00,23.2,21.8,32.4,54.9,437,21.6,high,off,2.42
2024-06-01 14:30:00,24.5,34.3,45.7,70.9,760,21.6,high,off,3.18
2024-06-01 14:31:00,20.1,24.5,41.8,59.4,764,22.8,high,off,2.51
2024-06-01 14:32:00,23.9,20.2,42.8,67.9,884,21.9,medium,on,3.06
2024-06-01 14:33:00,21.0,32.7,37.5,69.0,961,22.5,high,on,4.14
2024-06-01 14:34:00,24.0,21.3,52.8,42.6,689,22.0,low,on,4.2
2024-06-01 14:35:00,24.7,20.9,49.6,64.4,932,22.7,high,off,3.83
2024-06-01 14:36:00,24.4,25.9,39.0,50.3,700,21.6,medium,on,2.55
2024-06-01 14:37:00,24.6,28.3,55.5,67.9,884,21.8,low,off,3.24
2024-06-01 14:38:00,20.6,33.5,46.7,67.5,465,21.7,high,on,3.01
2024-06-01 14:39:00,20.9,27.6,36.6,53.1,698,22.1,high,on,2.14
2024-06-01 14:40:00,20.0,21.7,44.3,65.1,825,21.7,medium,on,3.64
2024-06-01 14:41:00,24.2,30.2,34.8,42.1,819,21.9,low,off,3.96
2024-06-01 14:42:00,21.2,24.5,42.4,78.3,455,22.8,low,off,4.45
2024-06-01 14:43:00,20.6,16.2,44.4,64.3,647,22.7,low,off,3.51
2024-06-01 14:44:00,24.9,30.6,31.3,71.8,987,22.6,medium,on,1.04
2024-06-01 14:45:00,20.5,26.3,53.8,74.9,583,23.0,medium,off,2.47
2024-06-01 14:46:00,23.0,31.7,39.3,71.7,621,22.5,medium,on,1.4
2024-06-01 14:47:00,21.6,27.4,36.6,43.4,480,22.7,medium,off,4.65
2024-06-01 14:48:00,20.0,25.3,51.2,79.1,753,21.9,medium,off,3.47
2024-06-01 14:49:00,20.5,19.9,33.2,48.8,906,21.9,low,off,1.84
2024-06-01 14:50:00,21.5,29.0,51.0,66.3,532,22.4,low,on,4.98
2024-06-01 14:51:00,20.5,24.4,49.4,57.3,866,22.7,low,on,2.88
2024-06-01 14:52:00,23.5,17.8,55.0,68.2,612,22.3,high,off,2.48
2024-06-01 14:53:00,24.6,18.0,41.7,43.1,613,21.6,medium,off,1.2
2024-06-01 14:54:00,22.2,17.3,58.7,60.7,921,21.8,low,on,1.0
2024-06-01 14:55:00,24.7,16.9,46.4,70.6,771,22.4,high,off,1.46
2024-06-01 14:56:00,24.5,28.3,51.2,68.4,613,21.1,medium,on,2.94
2024-06-01 14:57:00,22.5,27.2,42.1,41.5,642,22.4,high,off,4.91
2024-06-01 14:58:00,22.3,30.8,33.2,74.4,596,22.8,low,off,1.07
2024-06-01 14:59:00,20.2,23.3,30.0,79.4,972,21.6,high,off,1.82
2024-06-01 15:00:00,22.8,16.3,30.5,64.6,646,22.8,low,off,4.82
2024-06-01 15:01:00,25.0,32.9,30.0,53.6,731,21.9,high,off,2.11
2024-06-01 15:02:00,23.2,29.2,56.6,58.9,513,21.1,low,off,4.92
2024-06-01 15:03:00,24.4,32.5,44.3,52.0,813,21.1,low,off,1.14
2024-06-01 15:04:00,23.5,21.0,35.6,58.3,399,22.6,high,off,3.5
2024-06-01 15:05:00,21.5,28.0,56.5,69.8,893,21.9,low,off,1.37
2024-06-01 15:06:00,23.2,17.7,52.5,69.2,725,21.8,high,off,1.9
2024-06-01 15:07:00,24.7,25.5,55.6,57.1,466,22.5,high,on,2.08
2024-06-01 15:08:00,20.1,26.8,56.8,53.7,584,22.7,high,on,3.38
2024-06-01 15:09:00,20.2,16.8,33.4,60.5,558,21.6,low,off,1.03
2024-06-01 15:10:00,24.1,33.2,40.5,45.7,517,22.1,high,on,1.08
2024-06-01 15:11:00,20.9,18.2,32.1,51.1,714,22.5,high,on,2.26
2024-06-01 15:12:00,22.6,30.3,32.0,49.6,708,21.4,medium,off,3.21
2024-06-01 15:13:00,24.6,33.7,48.6,49.4,939,22.9,medium,on,4.67
2024-06-01 15:14:00,22.4,29.8,33.7,47.7,545,21.2,low,on,2.74
2024-06-01 15:15:00,20.6,20.8,38.5,40.8,364,22.8,high,on,1.08
2024-06-01 15:16:00,21.6,22.4,58.7,42.2,491,22.0,medium,off,2.9
2024-06-01 15:17:00,23.1,28.6,40.2,70.8,805,22.3,high,on,2.05
2024-06-01 15:18:00,23.2,25.2,36.2,73.8,695,22.4,low,off,4.41
2024-06-01 15:19:00,21.3,17.9,40.8,60.5,803,21.8,low,on,2.6
2024-06-01 15:20:00,24.8,15.7,39.8,46.9,834,22.5,high,on,3.12
2024-06-01 15:21:00,20.9,21.7,37.2,76.8,768,23.0,low,on,3.65
2024-06-01 15:22:00,23.4,17.4,44.2,43.8,795,21.6,low,on,3.21
2024-06-01 15:23:00,21.6,30.2,52.1,72.6,673,21.6,medium,off,3.39
2024-06-01 15:24:00,22.7,24.8,43.2,78.4,479,21.8,high,off,4.41
2024-06-01 15:25:00,20.8,33.8,45.3,47.7,528,21.0,low,off,4.08
2024-06-01 15:26:00,21.0,21.8,48.5,49.9,990,21.1,medium,off,3.6
2024-06-01 15:27:00,20.0,35.0,30.3,45.2,987,21.5,medium,on,4.15
2024-06-01 15:28:00,23.1,33.1,58.7,75.0,497,22.1,medium,off,4.1
2024-06-01 15:29:00,24.0,18.1,42.4,41.0,437,22.1,high,on,2.59
2024-06-01 15:30:00,22.3,33.1,46.7,76.2,911,22.6,low,off,1.57
2024-06-01 15:31:00,20.1,23.2,50.5,47.6,805,22.2,low,off,2.29
2024-06-01 15:32:00,24.8,26.4,52.8,42.7,743,22.2,high,off,4.27
2024-06-01 15:33:00,21.7,32.3,35.9,61.7,587,22.7,low,on,1.31
2024-06-01 15:34:00,22.8,16.7,55.8,54.3,570,21.7,medium,on,2.66
2024-06-01 15:35:00,24.5,34.1,53.3,71.8,534,21.0,medium,on,3.79
2024-06-01 15:36:00,20.5,27.8,51.3,68.6,679,22.8,low,on,3.7
2024-06-01 15:37:00,21.6,28.0,36.2,76.5,397,22.3,low,off,1.42
2024-06-01 15:38:00,23.6,29.2,50.4,76.4,546,21.3,low,on,3.37
2024-06-01 15:39:00,21.3,17.4,33.4,65.6,838,22.2,low,off,4.33
2024-06-01 15:40:00,22.1,29.2,31.1,45.5,882,22.0,medium,on,1.31
2024-06-01 15:41:00,22.7,28.0,45.7,74.2,868,21.7,medium,off,4.15
2024-06-01 15:42:00,22.2,21.7,40.1,66.5,609,22.7,high,off,4.68
2024-06-01 15:43:00,23.1,23.2,55.4,49.4,740,21.7,medium,off,2.32
2024-06-01 15:44:00,20.4,26.8,59.5,72.8,755,21.8,medium,off,4.67
2024-06-01 15:45:00,22.8,27.6,34.4,70.1,908,21.3,high,off,2.49
2024-06-01 15:46:00,22.0,18.2,49.6,79.8,410,22.9,high,on,4.03
2024-06-01 15:47:00,22.3,32.5,30.3,41.8,688,22.0,high,on,3.86
2024-06-01 15:48:00,20.2,29.0,59.6,79.5,928,22.4,high,off,3.91
2024-06-01 15:49:00,22.9,18.7,49.9,45.5,539,21.8,medium,off,2.62
2024-06-01 15:50:00,21.3,25.4,59.4,53.4,442,21.2,low,off,2.52
2024-06-01 15:51:00,23.4,22.5,40.5,66.5,948,22.4,low,on,1.11
2024-06-01 15:52:00,23.8,17.2,42.5,54.5,895,21.9,low,off,2.01
2024-06-01 15:53:00,24.3,31.6,33.8,57.8,688,21.6,medium,off,2.68
2024-06-01 15:54:00,23.7,23.6,49.8,53.5,549,22.8,high,off,3.66
2024-06-01 15:55:00,23.7,33.7,46.6,78.1,354,22.6,medium,off,2.25
2024-06-01 15:56:00,21.2,15.8,41.3,48.8,570,21.5,medium,on,3.94
2024-06-01 15:57:00,22.2,24.9,52.2,47.6,474,22.9,high,on,4.0
2024-06-01 15:58:00,24.5,22.1,36.0,76.1,911,21.5,high,on,3.97
2024-06-01 15:59:00,24.1,29.4,32.4,58.5,706,22.2,low,off,4.33
2024-06-01 16:00:00,22.7,29.1,44.2,61.0,874,22.9,high,off,1.01
2024-06-01 16:01:00,23.6,20.6,58.7,40.2,859,21.8,medium,off,1.52
2024-06-01 16:02:00,23.3,28.7,50.1,59.3,357,21.8,high,off,4.59
2024-06-01 16:03:00,20.0,17.7,31.2,46.2,938,22.0,medium,off,3.32
2024-06-01 16:04:00,24.0,19.7,41.5,68.0,437,21.6,low,off,3.57
2024-06-01 16:05:00,20.5,27.0,30.4,41.7,600,22.8,high,off,2.49
2024-06-01 16:06:00,23.6,16.6,47.0,66.2,886,22.7,high,off,2.44
2024-06-01 16:07:00,23.2,19.3,37.7,74.9,877,23.0,high,off,2.16
2024-06-01 16:08:00,24.3,26.0,38.4,50.6,471,21.3,low,on,2.72
2024-06-01 16:09:00,21.0,27.1,35.6,65.5,905,21.3,medium,on,3.5
2024-06-01 16:10:00,22.7,16.9,41.3,62.8,594,22.9,low,off,3.84
2024-06-01 16:11:00,24.6,21.4,35.9,75.6,424,21.9,low,off,2.49
2024-06-01 16:12:00,20.7,33.2,37.0,41.3,901,21.0,high,off,3.42
2024-06-01 16:13:00,24.9,17.8,43.7,70.0,438,22.8,medium,on,3.7
2024-06-01 16:14:00,22.0,31.3,43.7,59.5,825,21.8,high,on,1.87
2024-06-01 16:15:00,22.1,25.8,37.7,46.6,667,22.1,low,on,3.36
2024-06-01 16:16:00,23.5,19.6,56.7,51.3,605,22.3,medium,off,1.51
2024-06-01 16:17:00,20.5,32.2,59.9,47.4,735,21.6,low,on,1.16
2024-06-01 16:18:00,20.2,19.4,43.6,45.4,847,21.7,medium,on,3.01
2024-06-01 16:19:00,23.7,24.0,36.4,68.3,806,21.2,high,on,1.53
2024-06-01 16:20:00,22.6,15.8,57.0,50.6,377,21.3,medium,off,3.14
2024-06-01 16:21:00,24.3,29.3,38.1,62.1,856,21.8,high,off,2.08
2024-06-01 16:22:00,23.2,30.3,34.7,79.3,686,23.0,high,off,4.88
2024-06-01 16:23:00,22.1,29.9,44.2,69.9,399,22.8,medium,off,2.85
2024-06-01 16:24:00,21.3,30.5,38.0,69.8,684,21.4,high,off,4.76
2024-06-01 16:25:00,22.3,21.7,35.0,49.1,538,22.9,low,on,3.48
2024-06-01 16:26:00,21.1,23.8,35.2,40.3,980,21.9,medium,on,3.83
2024-06-01 16:27:00,23.8,28.7,56.7,77.5,929,22.6,low,off,1.92
2024-06-01 16:28:00,23.3,22.7,46.0,63.6,950,22.2,high,on,1.92
2024-06-01 16:29:00,20.2,16.6,45.6,73.4,381,22.0,low,off,3.88
2024-06-01 16:30:00,21.5,21.2,53.9,46.7,540,22.9,low,on,3.36
2024-06-01 16:31:00,22.8,31.4,32.3,65.8,980,21.3,high,off,4.86
2024-06-01 16:32:00,24.6,19.8,54.1,72.4,981,21.9,high,off,1.34
2024-06-01 16:33:00,23.8,18.5,30.3,54.4,662,21.3,medium,off,3.04
2024-06-01 16:34:00,24.4,15.3,38.6,69.1,425,22.4,high,on,4.12
2024-06-01 16:35:00,24.9,22.0,35.2,66.2,561,22.2,medium,on,3.23
2024-06-01 16:36:00,20.1,34.8,40.5,66.8,595,21.7,low,off,4.37
2024-06-01 16:37:00,23.2,21.5,50.9,49.7,589,22.0,low,on,1.44
2024-06-01 16:38:00,20.7,30.0,50.5,59.3,789,21.8,low,off,1.37
2024-06-01 16:39:00,20.9,19.2,50.0,73.7,671,22.1,low,on,3.09
